카테고리명,상품id,data-item-id,data-vendor-item-id,상품,상품명,정가,할인율,판매가,100g당_가격,별점,리뷰수,품절여부,구성정보,구성정보_전처리,상세카테고리,알레르기,알레르기(갑각류),알레르기(견과류),알레르기(달걀),알레르기(밀가루),알레르기(우유),알레르기(조개류),알레르기(오징어류),알레르기(콩),알레르기(닭),알레르기(돼지),알레르기(복숭아),알레르기(소),알레르기(토마토),알레르기(생선)
1,4926044090,6464437521,73758857275,곰곰 밀푀유 나베,"곰곰 밀푀유 나베, 1.2kg, 1세트",14990,0,14990,"(100g당 1,249원)",4.5,15756,0,"쇠고기, 새송이버섯, 표고버섯, 초간장소스, 칠리소스, 샤브용육수, 생면, 칼국수면, 숙면, 감자수제비, 깻잎, 팽이버섯, 배추, 청경채","쇠고기,새송이버섯,표고버섯,초간장소스,칠리소스,샤브용육수,생면,칼국수면,숙면,감자수제비,깻잎,팽이버섯,배추,청경채",전골,소,,,,,,,,,,,,1,,
1,1866720935,3172927841,71160443802,프레시지 대한곱창 곱창전골,"프레시지 대한곱창 곱창전골, 1594g, 1개",26270,1%,25900,"(100g당 1,625원)",4.5,11339,0,"양념육(소곱창, 소대창), 전골용 육수, 새송이버섯, 느타리버섯, 소고기, 두부, 배추, 양파, 깻잎, 라면사리로 구성되어 있습니다.","양념육,소곱창,소대창,전골용 육수,새송이버섯,느타리버섯,소고기,두부,배추,양파,깻잎,라면사리",전골,콩,,,,,,,,1,,,,1,,
1,293421715,926408953,5302203368,마이셰프 밀푀유나베 & 칼국수,"마이셰프 밀푀유나베 & 칼국수, 1129g, 1개",16900,17%,13900,"(100g당 1,231원)",4.5,49491,0,"소고기, 만두, 생면, 소스 2종, 육수, 표고버섯, 팽이버섯, 채소(배추, 청경채, 깻잎)로 구성되어 있습니다.*표고버섯은 중량 기준으로 담겨있어 수량이 상이할 수 있어요.","소고기,만두,생면,육수,표고버섯,팽이버섯,채소,배추,청경채,깻잎",전골,소,,,,,,,,,,,,1,,
1,2202010823,3744622966,71729775756,미소프레쉬 6컵 푸짐한 대구탕,"미소프레쉬 6컵 푸짐한 대구탕, 1225g, 1개",14200,0,14200,"(100g당 1,159원)",4.5,12127,0,"해물, 채소, 연두부, 다시팩, 소스로 구성되어 있습니다.","해물,채소,연두부,다시팩,소스",생선탕,콩,,,,,,,,1,,,,,,
1,1717552921,2923167957,70911802261,프레시지 더큰 햄가득 부대전골,"프레시지 더큰 햄가득 부대전골, 868g, 1개",14900,0,14900,"(100g당 1,717원)",5.0,36633,0,"소시지, 오뗄팜S, 프레스햄, 소고기, 치즈, 라면사리, 채소, 김치, 소스로 구성되어 있습니다.","소시지,오뗄팜S,프레스햄,소고기,치즈,라면사리,채소,김치,소스",전골,소,,,,,,,,,,,,1,,
1,6310053892,13092768757,80353833768,마이셰프 EBS 최요비 산더미 소고기 콩불 2인분,"마이셰프 EBS 최요비 산더미 소고기 콩불 2인분, 810g, 1개",14900,0,14900,"(100g당 1,840원)",4.5,2855,0,"소고기, 콩나물, 대파, 양파, 깻잎, 소스로 구성되어 있습니다.","소고기,콩나물,대파,양파,깻잎,소스",한식,콩,,,,,,,,1,,,,1,,
1,1637283332,2792368476,70782064297,곰곰 우삼겹 순두부 찌개,"곰곰 우삼겹 순두부 찌개, 710g, 1세트",8190,2%,7990,"(100g당 1,125원)",4.5,14338,0,"순두부, 애호박, 소고기, 팽이버섯, 대파, 소스","순두부,애호박,소고기,팽이버섯,대파,소스",찌개/짜글이,콩,,,,,,,,1,,,,1,,
1,188130036,537230639,4402737129,프레시지 서울식 불고기 전골,"프레시지 서울식 불고기 전골, 424.5g, 1개",12900,7%,11900,"(100g당 2,803원)",4.5,8829,0,"소고기, 당면, 팽이버섯, 소스, 참기름 등으로 구성되어 있습니다.","소고기,당면,팽이버섯,소스,참기름",전골,소,,,,,,,,,,,,1,,
1,1946869683,3305331651,71292240570,곰곰 애호박 된장찌개 밀키트,"곰곰 애호박 된장찌개 밀키트, 730g, 1개",8170,2%,7990,"(100g당 1,095원)",4.5,6551,0,"애호박, 양파, 대파, 청양고추, 두부, 팽이버섯","애호박,양파,대파,청양고추,두부,팽이버섯",찌개/짜글이,콩,,,,,,,,1,,,,,,
1,6764028903,15859811217,83069863236,프레시지 톡톡 터지는 알탕 (냉동),"프레시지 톡톡 터지는 알탕 (냉동), 1개, 765g",17900,7%,16560,"(100g당 2,165원)",4.5,552,0,"기타 수산물가공품(명태알, 대구곤이, 새우), 채소(무, 대파, 청양고추), 소스로 구성되어 있습니다.","명태알,대구곤이,새우,채소,무,대파,청양고추,소스",알탕,갑각류,1,,,,,,,,,,,,,1
1,188130043,537230658,4402737156,프레시지 고깃집 된장찌개,"프레시지 고깃집 된장찌개, 535g, 1개",8900,15%,7500,"(100g당 1,402원)",4.5,12732,0,"소고기, 소스, 쥬키니호박, 팽이버섯, 대파, 청양고추, 두부로 구성되어 있습니다.","소고기,소스,쥬키니호박,팽이버섯,대파,청양고추,두부",찌개/짜글이,콩,,,,,,,,1,,,,1,,
1,2251401014,3848979135,71833775592,곰곰 간편한 청국장찌개 밀키트,"곰곰 간편한 청국장찌개 밀키트, 770g, 1개",11180,0,11180,"(100g당 1,452원)",4.5,4671,0,"두부, 청국장, 애호박, 돼지고기, 대파, 양파, 혼합장","두부,청국장,애호박,돼지고기,대파,양파,혼합장",찌개/짜글이,콩,,,,,,,,1,,1,,,,
1,320547561,1025762461,5469085081,앙트레 해물 누룽지탕 (2인분),"앙트레 해물 누룽지탕 (2인분), 674g, 1개",15900,0,15900,"(100g당 2,359원)",4.5,14779,0,"누룽지, 해산물 팩, 단호박, 청경채, 콩기름, 소스, 야채팩으로 구성되어 있습니다.","누룽지,단호박,청경채,콩기름,소스",해물탕,콩,,,,,,,,1,,,,,,
1,6638341720,15165310214,82386704735,바다자리 모둠조개탕 밀키트 2~3인분 550g,"바다자리 모둠조개탕 밀키트 2~3인분 550g, 1세트",16200,14%,13900,,4.5,482,0,"바지락, 생합, 모시조개, 파, 고추, 무, 바지락맛 액상 소스로 구성되어 있습니다.","바지락,생합,모시조개,파,고추,무",해물탕,조개류,,,,,,1,,,,,,,,
1,6617266915,15030233120,82252852910,복선당 규스지 사골 도가니탕 2인분 1160g + 소스 20g x 2p 세트 (냉동),"복선당 규스지 사골 도가니탕 2인분 1160g + 소스 20g x 2p 세트 (냉동), 1세트",20250,9%,18280,,4.5,183,0,"소 스지와 전각 슬라이스, 토자연 우사골육수 2팩, 참소스 2팩으로 구성되어 있습니다.","소 스지,전각 슬라이스",기타,,,,,,,,,,,,,,,
1,2322032858,4010406015,71994624450,곰곰 옛날식 부대찌개,"곰곰 옛날식 부대찌개, 878g, 1개",14900,0,14900,"(100g당 1,697원)",4.5,5810,0,"돼지고기, 모듬햄, 대파, 양파, 양배추, 라면사리, 부대찌개소스, 김치, 슬라이스, 치즈","돼지고기,모듬햄,대파,양파,양배추,라면사리,부대찌개소스,김치,슬라이스,치즈",찌개/짜글이,돼지,,,,,,,,,,1,,,,
1,5026557256,6745912116,74038795689,곰곰 소고기 된장찌개 밀키트,"곰곰 소고기 된장찌개 밀키트, 610g, 1개",7900,14%,6780,"(100g당 1,111원)",5.0,4803,0,"미역, 쇠고기, 육수, 볶음, 맛기름","미역,쇠고기,육수,볶음,맛기름",찌개/짜글이,소,,,,,,,,,,,,1,,
1,5026557182,6745912028,74038795603,곰곰 한우 미역국 밀키트,"곰곰 한우 미역국 밀키트, 310g, 1개",10310,0,10310,"(100g당 3,326원)",4.5,2630,0,"두부, 쇠고기, 소스, 팽이버섯, 청양고추, 애호박, 대파, 감자","두부,쇠고기,소스,팽이버섯,청양고추,애호박,대파,감자",국,콩,,,,,,,,1,,,,1,,
1,4923517179,6455403350,73750186590,곰곰 깊은맛 곱창전골 밀키트,"곰곰 깊은맛 곱창전골 밀키트, 1.596kg, 1개",22990,0,22990,"(100g당 1,440원)",4.5,5923,0,"곱창비법, 두부, 라면사리, 배추, 쇠고기, 양파, 새송이버섯, 느타리버섯, 대파, 표고버섯, 베트남고추","곱창비법,두부,라면사리,배추,쇠고기,양파,새송이버섯,느타리버섯,대파,표고버섯,베트남고추",전골,콩,,,,,,,,1,,,,1,,
1,267253959,837860794,5132891321,프레시밀 샤브샤브재료,"프레시밀 샤브샤브재료, 880g, 1팩",11500,0,11500,"(100g당 1,307원)",4.5,8589,0,"알배기, 적근대, 청경채, 느타리, 칼국수, 팽이버섯, 샤브육수, 칠리소스, 유자폰즈로 구성되어 있습니다.","알배기,적근대,청경채,느타리,칼국수,팽이버섯,샤브육수,칠리소스,유자폰즈",전골,,,,,,,,,,,,,,,
1,2140731380,3635577725,71621124309,설래담 낙지 연포탕용 (냉동),"설래담 낙지 연포탕용 (냉동), 600g, 1개",16900,14%,14500,"(100g당 2,417원)",4.5,5480,0,"낙지, 백합, 대파와 청양고추, 무, 디포리 국물용팩으로 구성되어 있습니다.","낙지,백합,대파,청양고추,무",해물탕,,,,,,,,,,,,,,,
1,6640470926,15178372382,82399664339,삼초마을 고기듬뿍 고추장찌개 (냉동),"삼초마을 고기듬뿍 고추장찌개 (냉동), 595g, 1개",14260,0,14260,"(100g당 2,397원)",5.0,57,0,"돼지고기, 야채(애호박, 감자, 느타리버섯, 양파, 청양고추, 대파), 소스로 구성되어 있습니다.","돼지고기,야채,애호박,감자,느타리버섯,양파,청양고추,대파,소스",찌개/짜글이,돼지,,,,,,,,,,1,,,,
1,6641459699,15183177373,82404425528,바다자리 동태알탕용 씨키트 3~4인분,"바다자리 동태알탕용 씨키트 3~4인분, 1개, 900g",16900,14%,14500,"(100g당 1,611원)",4.5,746,0,"동태, 홍합, 명태알, 대구 곤이, 해물탕 양념, 야채 세트로 구성되어 있습니다.(야채 세트 : 무, 파, 고추)","동태,홍합,명태알,대구곤이,해물탕 양념,무,파,고추",알탕,조개류,,,,,,1,,,,,,,,1
1,156649355,451066117,4117038894,프레시지 우삼겹 순두부찌개,"프레시지 우삼겹 순두부찌개, 605g, 1개",8900,8%,8170,"(100g당 1,350원)",4.5,19081,0,"순두부, 청양고추, 대파, 팽이버섯, 쥬키니호박, 소고기, 소스로 구성되어 있습니다.","순두부,청양고추,대파,팽이버섯,쥬키니호박,소고기,소스",찌개/짜글이,콩,,,,,,,,1,,,,1,,
1,6168220034,12021424122,79293740157,청정원 호밍스 낙곱새전골 (냉동),"청정원 호밍스 낙곱새전골 (냉동), 800g, 1개",12900,15%,10900,"(100g당 1,363원)",4.5,603,0,"낙곱새전골 소스, 낙지곱창, 우동면으로 구성되어 있습니다.",우동면,전골,,,,,,,,,,,,,,,
1,6661336303,15292003271,82512414231,푸드어셈블 채선당 불고기 꽃만두 전골 & 칼국수 (냉동),"푸드어셈블 채선당 불고기 꽃만두 전골 & 칼국수 (냉동), 1030g, 1팩",17900,2%,17400,"(100g당 1,689원)",4.5,29,0,"만두, 알배추, 소스, 양념육 등으로 구성되어 있습니다.","만두,알배추,소스,양념육",전골,,,,,,,,,,,,,,,
1,235501175,747435924,4887071419,프레시지 자이언트 부대찌개,"프레시지 자이언트 부대찌개, 698g, 1개",18900,21%,14900,"(100g당 2,135원)",4.5,7205,0,"소시지, 소스, 양파, 대파 등으로 구성되어 있습니다. \n\n","소시지,소스,양파,대파",찌개/짜글이,,,,,,,,,,,,,,,
1,6641459417,15183176100,82404424240,바다자리 해물가득 문어해물탕용 씨키트 3~4인분,"바다자리 해물가득 문어해물탕용 씨키트 3~4인분, 1개, 900g",21500,10%,19300,"(100g당 2,144원)",4.5,692,0,"홍합, 문어, 오징어, 반각 가리비, 꽃게, 명태알, 대구 곤이, 새우, 야채 세트, 해물탕 양념으로 구성되어 있습니다.(야채 세트 : 무, 파, 고추)","홍합,문어,오징어,꽃게,명태알,대구곤이,새우,해물탕 양념,무,파,고추",해물탕,갑각류,1,,,,,1,1,,,,,,,1
1,6579540231,14800639656,82040416529,쿡킷 얼큰 버섯 비비고 만두전골 2인분 (냉동),"쿡킷 얼큰 버섯 비비고 만두전골 2인분 (냉동), 850g, 1개",15900,7%,14670,"(100g당 1,726원)",4.5,875,0,"왕만두, 소스, 칼국수 면, 혼합 채소(느타리버섯, 대파)로 구성되어 있습니다.","왕만두,소스,칼국수면,느타리버섯,대파",전골,,,,,,,,,,,,,,,
1,5568420739,8859639764,76146363075,푸드어셈블 더 알찬 연남동 통삼겹 김치찌개 밀키트,"푸드어셈블 더 알찬 연남동 통삼겹 김치찌개 밀키트, 720g, 1팩",13900,0,13900,"(100g당 1,931원)",4.5,237,0,"김치, 통삼겹, 두부, 미향, 양파, 대파, 김치찌개 소스로 구성되어 있습니다.","김치,통삼겹,두부,미향,양파,대파",찌개/짜글이,콩,,,,,,,,1,,,,,,
1,6608252642,14972855103,82196037673,쿡킷 육수가득 소불고기 전골 2인분 (냉동),"쿡킷 육수가득 소불고기 전골 2인분 (냉동), 1개, 610g",16900,10%,15210,"(100g당 2,493원)",4.5,483,0,"잡채 면, 쇠고기, 대파, 팽이버섯, 간장 배 양념으로 구성되어 있습니다.","쇠고기,대파,팽이버섯",전골,소,,,,,,,,,,,,1,,
1,4712511706,5947659703,73245607508,앙트레 우삼겹 부대찌개 2인분,"앙트레 우삼겹 부대찌개 2인분, 733g, 1개",16900,11%,14900,"(100g당 2,033원)",4.5,2262,0,"우삼겹, 당면, 사리면, 소시지와 햄, 콩나물과 대파, 부대찌개 소스, 버터와 체다치즈로 구성되어 있어요.","우삼겹,당면,사리면,소시지,햄,콩나물,대파,버터,체다치즈",찌개/짜글이,콩,,,,,,,,1,,,,,,
1,6011661740,10907721918,78187554269,속초 동태탕 (냉동),"속초 동태탕 (냉동), 500g, 2팩",24010,41%,14000,"(100g당 1,400원)",4.0,643,0,"명태, 명태알, 명태 곤이, 주름 미더덕, 얼큰 분말 스프로 구성되어 있습니다.","명태,명태알,명태곤이",생선탕,생선,,,,,,,,,,,,,,1
1,1313868744,2331665318,70328207484,앙트레 쿠킹박스 간편한식 청국장찌개,"앙트레 쿠킹박스 간편한식 청국장찌개, 545g, 1개",12900,1%,12650,"(100g당 2,321원)",4.5,10496,0,"야채팩(표고버섯, 쥬키니호박, 양파), 돼지고기 민찌, 소스, 두부, 청국장으로 구성되어 있습니다. 조리 시 물 400mL는 추가로 준비해주세요.","표고버섯,쥬키니호박,양파,돼지고기 민찌,소스,두부",찌개/짜글이,콩,,,,,,,,1,,1,,,,
1,6532199671,14512578731,81755486631,풀무원 얼큰 순두부찌개 킷,"풀무원 얼큰 순두부찌개 킷, 1개, 600g",4600,11%,4050,(100g당 675원),4.5,222,0,"순두부, 육수, 양념장으로 구성되어있습니다.","순두부,육수,양념장",찌개/짜글이,콩,,,,,,,,1,,,,,,
1,218401653,676233104,4742606421,마이셰프 한우소고기미역국,"마이셰프 한우소고기미역국, 254g, 1개",8900,0,8900,"(100g당 3,504원)",4.5,3787,0,"소고기, 미역, 소스, 다진 마늘, 참기름으로 구성되어 있습니다.","소고기,미역,소스,다진마늘,참기름",국,소,,,,,,,,,,,,1,,
1,6909265774,16645168605,83829261640,바다자리 겨울엔 생물 대구 맑은탕 씨키트 2~3인분 700g + 야채,"바다자리 겨울엔 생물 대구 맑은탕 씨키트 2~3인분 700g + 야채, 1세트",34900,14%,29900,,4.0,17,0,"대구, 바지락, 야채 세트(미나리, 콩나물, 고추, 파, 무), 바른 마늘, 소스로 구성되어 있습니다.","대구,바지락,미나리,콩나물,고추,파,무,소스",생선탕,콩,,,,,,,,1,,,,,,
1,6532199675,14512578739,81755486639,풀무원 정통 순두부찌개 킷,"풀무원 정통 순두부찌개 킷, 602g, 1개",4600,11%,4050,(100g당 673원),5.0,212,0,"순두부, 육수, 양념장, 칠리오일로 구성되어있습니다.","순두부,육수,양념장,칠리오일",찌개/짜글이,콩,,,,,,,,1,,,,,,
1,1204699345,2190556488,70188525742,풀무원 5분키친 순두부찌개 2p 세트 정통순두부 602g + 짬뽕순두부 588g,"풀무원 5분키친 순두부찌개 2p 세트 정통순두부 602g + 짬뽕순두부 588g, 1190g, 1세트",8680,3%,8380,(100g당 704원),4.5,10987,0,"정통 순두부찌개순두부, 양지육수, 순두부 찌개양념장, 칠리오일로 구성되어 있습니다.","양지육수,칠리오일",찌개/짜글이,,,,,,,,,,,,,,,
1,6579540098,14800639051,82040415828,쿡킷 해물 짬뽕 비비고 만두전골 2인분 (냉동),"쿡킷 해물 짬뽕 비비고 만두전골 2인분 (냉동), 1개, 824g",14900,1%,14670,"(100g당 1,780원)",4.5,461,0,"김치 왕만두, 중화면, 혼합 채소(청경채, 목이버섯), 혼합 해물(오징어, 자숙홍합살), 소스로 구성되어 있습니다.","김치 왕만두,중화면,청경채,목이버섯,오징어,소스",전골,오징어류,,,,,,,1,,,,,,,
1,6624629659,15076284318,82298504346,바다자리 생물 바지락탕용 씨키트 2~3인분 500g,"바다자리 생물 바지락탕용 씨키트 2~3인분 500g, 1세트",14200,23%,10900,,4.5,215,0,"바지락, 홍합, 야채 세트, 소스로 구성되어 있습니다.(야채 세트 : 무, 파, 고추)","바지락,홍합,소스,무,파,고추",해물탕,조개류,,,,,,1,,,,,,,,
1,6636019641,15150790746,82372315487,애슐리 소불고기 버섯전골,"애슐리 소불고기 버섯전골, 630g, 1개",17310,0,17310,"(100g당 2,748원)",4.0,35,0,"소고기 포장육, 팽이버섯, 느타리버섯, 표고버섯, 양파, 배추, 청경채, 건면, 소스 2종으로 구성되어 있습니다.","팽이버섯,느타리버섯,표고버섯,양파,배추,청경채,건면",전골,,,,,,,,,,,,,,,
1,6641443811,15183074783,82404326684,마이셰프 TREASURE HUNTER 우정분식 물떡 어묵탕 2인분 (냉동),"마이셰프 TREASURE HUNTER 우정분식 물떡 어묵탕 2인분 (냉동), 372g, 1팩",14400,10%,12900,"(100g당 3,468원)",4.5,74,0,"어묵, 떡, 대파, 무, 건고추, 소스로 구성되어 있습니다.","어묵,떡,대파,무,건고추,소스",기타,,,,,,,,,,,,,,,
1,6750232346,15785423750,82998349453,프레시지 갓포아키 스키야키,"프레시지 갓포아키 스키야키, 1개, 881g",19400,7%,17900,"(100g당 2,032원)",4.5,39,0,"소고기, 숙면, 새송이버섯, 느타리버섯, 표고버섯, 배추, 양파, 대파, 건고추, 수란, 소스, 향미유로 구성되어 있습니다.","소고기,숙면,새송이버섯,느타리버섯,표고버섯,배추,양파,대파,건고추,수란,소스,향미유",전골,소,,,,,,,,,,,,1,,
1,6919308405,16703146452,83885677058,바다자리 고등어구이 앤 생물홍합짬뽕탕 씨키트 2~3인분 680g + 야채,"바다자리 고등어구이 앤 생물홍합짬뽕탕 씨키트 2~3인분 680g + 야채, 1세트",16900,11%,15000,,4.5,3,0,"고등어, 홍합, 양파, 파, 고추, 무, 고추맛기름, 짬뽕 소스로 구성되어 있습니다.","고등어,홍합,양파,파,고추,무,고추맛기름,짬뽕 소스",구이,조개류,,,,,,1,,,,,,,,1
1,6909265763,16645168518,83829261628,바다자리 생물 아귀 매운탕 씨키트 2~3인분 1kg + 야채,"바다자리 생물 아귀 매운탕 씨키트 2~3인분 1kg + 야채, 1세트",27000,15%,22800,,5.0,5,0,"아귀, 바지락, 홍합, 야채세트(콩나물, 미나리, 파, 고추, 무), 바른마늘, 해물탕 양념으로 구성되어 있습니다.","아귀,바지락,홍합,콩나물,미나리,파,고추,무,해물탕 양념",생선탕,조개류,,,,,,1,,1,,,,,,
1,6465462490,14090734122,81337922656,프레시지 통낙지 해신탕 (냉동),"프레시지 통낙지 해신탕 (냉동), 835g, 1개",19900,10%,17910,"(100g당 2,145원)",4.0,538,0,"야채(배추, 양파, 대파, 표고버섯), 소스, 닭고기 포장육, 수산물가공품으로 구성되어 있습니다.","야채,배추,양파,대파,표고버섯,소스,닭고기 포장육",해물탕,닭,,,,,,,,,1,,,,,
1,6908772086,16642374293,83826518677,바다자리 생굴 해물 굴전골 씨키트 3~4인분 680g + 야채 + 소스 세트,"바다자리 생굴 해물 굴전골 씨키트 3~4인분 680g + 야채 + 소스 세트, 1세트",27200,14%,23300,,5.0,10,0,"굴, 새우, 꽃게, 홍합, 홍가리비, 야채 세트(배추, 양파, 파, 고추, 무), 중화면, 액상소스로 구성되어 있습니다.","굴,새우,꽃게,홍합,홍가리비,배추,양파,파,고추,무,중화면",전골,갑각류,1,,,,,1,,,,,,,,
1,6485322466,14213373017,81458806273,식도락상점 꽃게탕 밀키트 (냉동),"식도락상점 꽃게탕 밀키트 (냉동), 1kg, 1개",23000,0,23000,"(100g당 2,300원)",4.5,127,0,"팽이버섯, 콩나물, 꽃게, 양파, 애호박, 대파, 새우, 청양고추, 느타리버섯, 무, 양념으로 구성되어 있습니다.","팽이버섯,콩나물,꽃게,양파,애호박,대파,새우,청양고추,느타리버섯,무,양념",해물탕,갑각류,1,,,,,,,1,,,,,,
1,6909266009,16645170396,83829263427,바다자리 겨울엔 생물 물메기 맑은탕 씨키트 2~3인분 700g + 야채,"바다자리 겨울엔 생물 물메기 맑은탕 씨키트 2~3인분 700g + 야채, 1세트",33600,19%,27200,,5.0,11,0,"메기, 바지락, 야채 세트(미나리, 콩나물, 고추, 파, 무), 바른 마늘, 소스로 구성되어 있습니다.","메기,바지락,미나리,콩나물,고추,파,무,소스",생선탕,콩,,,,,,,,1,,,,,,1
1,6909266222,16645171576,83829265080,바다자리 생물 아귀 맑은탕 씨키트 2~3인분 900g + 야채,"바다자리 생물 아귀 맑은탕 씨키트 2~3인분 900g + 야채, 1세트",27000,15%,22800,,4.0,19,0,"아귀, 바지락, 야채세트(콩나물, 미나리, 파, 고추, 무), 바른마늘, 바지락맛 액상소스로 구성되어 있습니다.","아귀,바지락,콩나물,미나리,파,고추,무,바지락맛 액상소스",생선탕,콩,,,,,,,,1,,,,,,
1,6869596963,16429102275,83619914910,홈스토랑 부산식 물떡 & 꼬치 어묵탕 (냉동),"홈스토랑 부산식 물떡 & 꼬치 어묵탕 (냉동), 876g, 1개",13850,0,13850,"(100g당 1,581원)",5.0,14,0,"어묵, 떡, 중화면, 무, 대파, 다시마, 건고추, 소스로 구성되어 있습니다.","어묵,떡,중화면,무,대파,다시마,건고추,소스",기타,,,,,,,,,,,,,,,
1,6011661751,10907721967,78187554301,속초 코다리맑음탕 (냉동),"속초 코다리맑음탕 (냉동), 380g, 2팩",15900,0,15900,"(100g당 2,092원)",4.5,238,0,"명태, 명태알, 명태 곤이, 분말 수프로 구성되어 있습니다.","명태,명태알,명태곤이",생선탕,생선,,,,,,,,,,,,,,1
1,1183877153,2164259070,70162428290,마이셰프 냄비가득 부대찌개,"마이셰프 냄비가득 부대찌개, 423g, 1개",10900,0,10900,"(100g당 2,577원)",4.5,459,0,"라면사리, 햄, 치즈, 대파, 소스로 구성되어 있습니다.","라면사리,햄,치즈,대파,소스",찌개/짜글이,,,,,,,,,,,,,,,
1,6750232347,15785423752,82998349454,프레시지 갓포아키 미즈타키 우동전골,"프레시지 갓포아키 미즈타키 우동전골, 1.377kg, 1개",18140,1%,17900,"(100g당 1,300원)",4.5,10,0,"숙면, 양배추, 대파, 부추, 느타리버섯, 표고버섯, 건고추, 백목이버섯, 소스 등으로 구성되어 있습니다.","숙면,양배추,대파,부추,느타리버섯,표고버섯,건고추,소스",전골,,,,,,,,,,,,,,,
1,6306056957,13063952716,80326525250,마이셰프 EBS 최요비 진한 소곱창 전골 2인분,"마이셰프 EBS 최요비 진한 소곱창 전골 2인분, 1040g, 1개",19900,12%,17320,"(100g당 1,665원)",4.0,127,0,"마늘 양념 소곱창, 깻잎, 고춧가루, 들깨가루, 야채(대파, 양배추, 양파, 배추), 육수, 면으로 구성되어 있습니다.","깻잎,고춧가루,들깨가루,야채,대파,양배추,양파,배추,육수,면",전골,,,,,,,,,,,,,,,
1,6617266574,15030231261,82252851309,복선당 제주 돔베고기 순대국밥 2인분 600g + 소스 15g x 2p 세트 (냉동),"복선당 제주 돔베고기 순대국밥 2인분 600g + 소스 15g x 2p 세트 (냉동), 1세트",12500,0,12500,,4.5,128,0,"순대, 양념육, 고기국수육수 2팩, 새우맛양념 2팩으로 구성되어 있습니다.","순대,양념육",순대,,,,,,,,,,,,,,,
1,6909266117,16645170963,83829263405,바다자리 고등어구이 앤 생물바지락 홍합탕 씨키트 2~3인분 680g + 야채,"바다자리 고등어구이 앤 생물바지락 홍합탕 씨키트 2~3인분 680g + 야채, 1세트",16300,14%,14000,,3.5,2,0,"고등어, 바지락, 홍합, 무, 파, 고추, 바지락 맛 액상 소스로 구성되어 있습니다.","고등어,바지락,홍합,무,파,고추",구이,조개류,,,,,,1,,,,,,,,1
1,6538908880,14550365352,81792721815,푸드어셈블 기승전골 곱창전골 실속형,"푸드어셈블 기승전골 곱창전골 실속형, 1245g, 1개",25900,0,25900,"(100g당 2,080원)",4.5,187,0,"우삼겹, 순대, 곱창, 숙면, 팽이버섯, 양념장, 청경채잎, 깻잎, 양배추, 대파, 양파로 구성되어 있습니다.","우삼겹,순대,곱창,숙면,팽이버섯,양념장,청경채잎,깻잎,양배추,대파,양파",전골,,,,,,,,,,,,,,,
1,6641459422,15183176131,82404424273,바다자리 꽃게 해물 된장찌개용 씨키트 1~2인분,"바다자리 꽃게 해물 된장찌개용 씨키트 1~2인분, 1개, 430g",15400,19%,12400,"(100g당 2,884원)",4.5,296,0,"꽃게, 바지락, 홍합, 야채 세트, 양념으로 구성되어 있습니다.(야채 세트 : 양파, 파, 고추)","꽃게,바지락,홍합,양념,양파,파,고추",찌개/짜글이,갑각류,1,,,,,1,,,,,,,,
1,6908778798,16642410610,83826560230,바다자리 생굴 매생이굴떡국 씨키트 2~3인분,"바다자리 생굴 매생이굴떡국 씨키트 2~3인분, 1개, 500g",22300,15%,18900,"(100g당 3,780원)",5.0,15,0,"굴, 바지락, 야채 세트(파, 고추, 양파), 떡, 소스, 건조 매생이로 구성되어 있습니다.","굴,바지락,파,고추,양파,떡,소스,건조 매생이",씨푸드,조개류,,,,,,1,,,,,,,,
1,6812517329,16120507076,83317344314,앙트레쿠킹박스 김치 꼬치어묵 우동전골 밀키트 2인분 (냉동),"앙트레쿠킹박스 김치 꼬치어묵 우동전골 밀키트 2인분 (냉동), 870g, 1개",13750,0,13750,"(100g당 1,580원)",5.0,4,0,"어묵, 우동면, 소스, 김치로 구성되어 있습니다.","어묵,우동면,소스,김치",전골,,,,,,,,,,,,,,,
1,6512230113,14388930123,81633200065,99프레시밀키트 보리새우버섯 매운탕 밀키트,"99프레시밀키트 보리새우버섯 매운탕 밀키트, 605g, 1개",12800,7%,11800,"(100g당 1,950원)",4.0,67,0,"버섯(느타리버섯, 새송이버섯, 표고버섯), 대파, 팽이버섯, 청양고추, 보리새우, 수제비, 소스로 구성되어 있습니다.","버섯,느타리버섯,새송이버섯,표고버섯,대파,팽이버섯,청양고추,보리새우,수제비,소스",생선탕,갑각류,1,,,,,,,,,,,,,
1,6908778799,16642410611,83826560249,바다자리 시원한 생굴국 씨키트 2~3인분,"바다자리 시원한 생굴국 씨키트 2~3인분, 1개, 400g",17600,17%,14500,"(100g당 3,625원)",5.0,12,0,"굴, 홍합, 야채 세트(파, 고추, 무), 소스로 구성되어 있습니다.","굴,홍합,파,고추,무,소스",씨푸드,조개류,,,,,,1,,,,,,,,
1,6513966854,14400913285,81645043175,어식공방 알찬 알탕 (냉동),"어식공방 알찬 알탕 (냉동), 680g, 1개",15900,0,15900,"(100g당 2,338원)",4.0,62,0,"명태알과 명태 곤이, 호키알, 새우살, 채소, 알탕 전용 소스로 구성되어 있습니다.","명태알,명태곤이,호키알,새우살,채소",알탕,갑각류,1,,,,,,,,,,,,,1
1,6617266579,15030231280,82252851355,복선당 제주 돔베고기 얼큰 순대국밥 2인분 560g + 소스 15g x 2p 세트 (냉동),"복선당 제주 돔베고기 얼큰 순대국밥 2인분 560g + 소스 15g x 2p 세트 (냉동), 1세트",12500,0,12500,,4.0,33,0,"순대, 양념육, 얼큰육수베이스 2팩, 새우맛양념 2팩으로 구성되어 있습니다.","순대,양념육",순대,,,,,,,,,,,,,,,
1,6908772084,16642374292,83826518674,바다자리 국내산 갈치구이 앤 생물바지락홍합탕 씨키트 3~4인분 620g + 야채 + 소스 세트,"바다자리 국내산 갈치구이 앤 생물바지락홍합탕 씨키트 3~4인분 620g + 야채 + 소스 세트, 1세트",21300,20%,16900,,5.0,1,0,"홍합, 야채세트(무, 파, 고추), 갈치, 바지락, 바지락맛 액상소스로 구성되어 있습니다.","홍합,무,파,고추,갈치,바지락,바지락맛 액상소스",구이,조개류,,,,,,1,,,,,,,,1
1,6908778794,16642410603,83826560203,바다자리 시원한 생물홍합탕 씨키트 3~4인분,"바다자리 시원한 생물홍합탕 씨키트 3~4인분, 1개, 800g",11300,14%,9700,"(100g당 1,213원)",4.0,12,0,"홍합, 야채 세트(무, 파, 고추), 소스로 구성되어 있습니다.","홍합,무,파,고추,소스",해물탕,조개류,,,,,,1,,,,,,,,
1,6909266014,16645170436,83829263457,바다자리 겨울엔 생물 물메기 매운탕 씨키트 2~3인분 800g + 야채,"바다자리 겨울엔 생물 물메기 매운탕 씨키트 2~3인분 800g + 야채, 1세트",33600,16%,27900,,4.5,6,0,"메기, 바지락, 홍합, 야채 세트(미나리, 콩나물, 고추, 파, 무), 바른 마늘, 해물탕 양념으로 구성되어 있습니다.","메기,바지락,홍합,미나리,콩나물,고추,파,무,해물탕 양념",생선탕,조개류,,,,,,1,,1,,,,,,1
1,6812556792,16120683011,83317515710,아라보감 산지직송 우럭매운탕용 씨키트,"아라보감 산지직송 우럭매운탕용 씨키트, 760g, 1개",20500,0,20500,"(100g당 2,697원)",4.5,19,0,"조피볼락, 무, 양파, 대파, 매운탕 양념으로 구성되어 있습니다.","조피볼락,무,양파,대파",생선탕,,,,,,,,,,,,,,,
1,6645647324,15208476612,82429535407,오마뎅 그시절 오뎅탕 (냉동),"오마뎅 그시절 오뎅탕 (냉동), 1개, 550g",13900,0,13900,"(100g당 2,527원)",5.0,203,0,다채로운 모양의 어묵들과 소스로 구성되어 있습니다.,소스,기타,,,,,,,,,,,,,,,
1,6764025218,15859796936,83069850891,프레시지 푸짐한 해물탕 (냉동),"프레시지 푸짐한 해물탕 (냉동), 1개, 775g",15900,10%,14310,"(100g당 1,846원)",4.0,92,0,"기타 수산물가공품(대왕오징어, 명태알, 대구곤이 등), 채소(무, 대파, 청양고추), 소스로 구성되어 있습니다.","명태알,대구곤이,채소,무,대파,청양고추,소스",해물탕,생선,,,,,,,,,,,,,,1
1,6641459420,15183176116,82404424254,바다자리 꽃게 된장찌개용 씨키트 3~4인분,"바다자리 꽃게 된장찌개용 씨키트 3~4인분, 720g, 1개",17100,11%,15100,"(100g당 2,097원)",4.5,146,0,"꽃게, 바지락, 홍합, 야채 세트, 양념으로 구성되어 있습니다.(야채 세트 : 양파, 파, 고추)","꽃게,바지락,홍합,양념,양파,파,고추",찌개/짜글이,갑각류,1,,,,,1,,,,,,,,
1,6661336049,15292002433,82512413306,푸드어셈블 얼큰 닭 한마리 & 칼국수 (냉동),"푸드어셈블 얼큰 닭 한마리 & 칼국수 (냉동), 1430g, 1팩",15900,3%,15400,"(100g당 1,077원)",4.0,30,0,"닭고기, 감자, 대파, 숙면, 닭한마리 소스, 딥소스, 다대기로 구성되어 있습니다.","닭고기,감자,대파,숙면,다대기",닭,닭,,,,,,,,,1,,,,,
1,6372782051,13505984106,80760079741,어부담 꽃게육수 명태알탕 6컵,"어부담 꽃게육수 명태알탕 6컵, 1200g, 1개",13800,0,13800,"(100g당 1,150원)",4.5,699,0,"새우, 홍합과 꽃게, 명란과 명태 곤이, 찌개 두부, 야채(무, 대파, 고추), 소스, 콩나물로 구성되어 있습니다.","새우,홍합,꽃게,명란,명태곤이,찌개 두부,야채,무,대파,고추,소스,콩나물",알탕,갑각류,1,,,,,1,,1,,,,,,1
1,6764028612,15859810026,83069862217,프레시지 시원한 대구탕 (냉동),"프레시지 시원한 대구탕 (냉동), 785g, 1개",17560,13%,15210,"(100g당 1,938원)",4.0,92,0,"기타 수산물가공품(대구, 대구곤이, 홍합살), 채소(무, 대파, 청양고추), 소스로 구성되어 있습니다.","대구,대구곤이,홍합살,채소,무,대파,청양고추,소스",생선탕,조개류,,,,,,1,,,,,,,,
1,6436912668,13917574646,81167036224,캐비아 정은쿡 카레샤브나베 (냉동),"캐비아 정은쿡 카레샤브나베 (냉동), 880g, 1개",24500,0,24500,"(100g당 2,784원)",4.0,8,0,"돼지고기, 소스, 면, 야채(양배추, 양파, 대파, 당근), 버섯(새송이버섯, 느타리버섯, 표고버섯)으로 구성되어 있습니다.","돼지고기,소스,면,야채,양배추,양파,대파,당근,버섯,새송이버섯,느타리버섯,표고버섯",전골,돼지,,,,,,,,,,1,,,,
1,2342319159,4058826056,72042932794,집반찬연구소 한돈 돼지돼지김치찌개 밀키트,"집반찬연구소 한돈 돼지돼지김치찌개 밀키트, 680g, 1개",16800,0,16800,"(100g당 2,471원)",4.5,267,0,"김치, 돼지고기, 대파, 양파, 해물장 등 김치찌개를 조리하는데 필요한 재료들로 구성되어 있습니다.","김치,돼지고기,대파,양파",찌개/짜글이,돼지,,,,,,,,,,1,,,,
1,6919732032,16705358785,83887813246,바다자리 제주 참조기구이 앤 순두부짬뽕탕 씨키트 3~4인분,"바다자리 제주 참조기구이 앤 순두부짬뽕탕 씨키트 3~4인분, 1개, 700g",19800,14%,16900,"(100g당 2,414원)",5.0,5,0,"참조기, 홍합, 순두부, 양파, 파, 고추, 무, 고추맛기름, 짬뽕 소스로 구성되어 있습니다.","참조기,홍합,순두부,양파,파,고추,무,고추맛기름,짬뽕 소스",구이,조개류,,,,,,1,,1,,,,,,1
1,6909265771,16645168567,83829261659,바다자리 겨울엔 생물 대구 매운탕 씨키트 2~3인분 800g + 야채,"바다자리 겨울엔 생물 대구 매운탕 씨키트 2~3인분 800g + 야채, 1세트",34900,14%,29900,,4.5,8,0,"대구, 바지락, 홍합, 야채 세트(미나리, 콩나물, 고추, 파, 무), 바른 마늘, 해물탕 양념으로 구성되어 있습니다.","대구,바지락,홍합,미나리,콩나물,고추,파,무,해물탕 양념",생선탕,조개류,,,,,,1,,1,,,,,,
1,6640487974,15178437639,82399728054,펀쿡 복지리탕 (냉동),"펀쿡 복지리탕 (냉동), 1개, 500g",18110,0,18110,"(100g당 3,622원)",4.0,40,0,"복어, 야채(콩나물, 미나리, 대파), 와사비, 간장소스, 다진 마늘, 육수, 초장 소스로 구성되어 있습니다.","야채,콩나물,미나리,대파,간장소스,다진마늘,육수",생선탕,콩,,,,,,,,1,,,,,,
1,6638783555,15167365817,82388744183,애슐리 우삼겹 진한 된장찌개,"애슐리 우삼겹 진한 된장찌개, 635g, 1개",14400,31%,9900,"(100g당 1,559원)",4.0,7,0,"소고기 포장육, 양파, 쥬키니호박, 팽이버섯, 대파, 청양고추, 두부, 소스로 구성되어 있습니다.","양파,쥬키니호박,팽이버섯,대파,청양고추,두부,소스",찌개/짜글이,콩,,,,,,,,1,,,,,,
1,6659720997,15283363134,82503848329,본갯마을 냉동꽃게 (냉동),"본갯마을 냉동꽃게 (냉동), 1개, 500g",9900,0,9900,"(100g당 1,980원)",3.0,11,0,꽃게와 소스로 구성되어 있습니다.,"꽃게,소스",씨푸드,갑각류,1,,,,,,,,,,,,,
1,6928377908,16756426747,83937938008,마이셰프 냄비가득 돼지고기 묵은지찜,"마이셰프 냄비가득 돼지고기 묵은지찜, 545g, 1개",12400,12%,10900,"(100g당 2,000원)",4.5,6,1,"묵은지, 돼지고기, 양파, 대파, 직화 용기 등으로 구성되어 있습니다.","묵은지,돼지고기,양파,대파",찜,돼지,,,,,,,,,,1,,,,
1,4841176792,6256834516,73552540510,곰곰 샤브 버섯 국수 전골 (냉장),"곰곰 샤브 버섯 국수 전골 (냉장), 1.01kg, 1개",12900,10%,11490,"(100g당 1,138원)",4.5,1669,1,"쇠고기, 배추, 생면, 칼국수면, 소간장소스, 대파, 팽이버섯, 느타리버섯, 표고버섯, 샤브용육수","쇠고기,배추,생면,칼국수면,소간장소스,대파,팽이버섯,느타리버섯,표고버섯,샤브용육수",전골,소,,,,,,,,,,,,1,,
1,1592200806,2720528156,70710761557,마이셰프 한우 소고기무국,"마이셰프 한우 소고기무국, 364g, 1개",9900,10%,8900,"(100g당 2,445원)",4.5,820,1,"소고기, 채소(대파, 무), 소스, 농축 육수, 다진 마늘, 참기름으로 구성되어 있습니다.","소고기,채소,대파,무,소스,농축 육수,다진마늘,참기름",국,소,,,,,,,,,,,,1,,
1,6905845260,16624419377,83808956362,마이셰프 알찬 돼지고기 감자 짜글이,"마이셰프 알찬 돼지고기 감자 짜글이, 1개, 540g",10900,0,10900,"(100g당 2,019원)",4.5,20,1,"돼지고기, 감자, 대파, 양파, 쥬키니호박, 표고버섯, 소스로 구성되어 있습니다.","돼지고기,감자,대파,양파,쥬키니호박,표고버섯,소스",찌개/짜글이,돼지,,,,,,,,,,1,,,,
1,6513966851,14400913264,81645043169,어식공방 알찬 해물탕 (냉동),"어식공방 알찬 해물탕 (냉동), 720g, 1개",15900,0,15900,"(100g당 2,208원)",4.5,22,1,"명태 곤이와 오징어, 바지락, 오만디, 절단 꽃게, 새우살, 주꾸미, 반 가리비, 채소, 해물탕 전용 소스로 구성되어 있습니다.","명태곤이,오징어,바지락,오만디,절단 꽃게,새우살,주꾸미,채소",해물탕,갑각류,1,,,,,,1,,,,,,,1
1,6579488240,14800316673,82040095282,애슐리 플러스 콰트로 햄치즈 부대찌개,"애슐리 플러스 콰트로 햄치즈 부대찌개, 1개, 828g",15900,6%,14900,"(100g당 1,800원)",5.0,86,1,"햄과 소시지, 유탕면, 떡, 팽이버섯과 채소(양배추, 양파, 대파), 치즈, 소스로 구성되어 있습니다.","햄,소시지,유탕면,떡,팽이버섯,채소,양배추,양파,대파,치즈,소스",찌개/짜글이,,,,,,,,,,,,,,,
1,6756339673,15819522633,83031433606,정다운 광주식 오리탕용 절단육,"정다운 광주식 오리탕용 절단육, 1kg, 1개",17900,0,17900,"(100g당 1,790원)",5.0,18,1,오리고기와 들깨탕 소스로 구성되어 있습니다.,오리고기,오리,,,,,,,,,,,,,,,
1,6812556920,16120683590,83317516240,아라보감 산지직송 우럭지리탕용 씨키트,"아라보감 산지직송 우럭지리탕용 씨키트, 760g, 1개",20500,0,20500,"(100g당 2,697원)",5.0,17,1,"조피볼락, 무, 양파, 대파, 맑은 지리탕 소스로 구성되어 있습니다.","조피볼락,무,양파,대파",생선탕,,,,,,,,,,,,,,,
1,6285333706,12925369588,80189918728,온기원 사골 왕만두 떡국 키트 (냉동),"온기원 사골 왕만두 떡국 키트 (냉동), 1315g, 1개",10900,0,10900,(100g당 829원),4.5,296,1,"만두, 소스(육수), 떡, 부추, 대파, 알가열제품(지단)으로 구성되어 있습니다.","만두,소스,육수,떡,부추,대파,지단",국,,,,,,,,,,,,,,,
1,6905845267,16624419420,83808956398,마이셰프 알찬 두부 한 모 우삼겹 된장찌개,"마이셰프 알찬 두부 한 모 우삼겹 된장찌개, 590g, 1개",8900,0,8900,"(100g당 1,508원)",4.5,12,1,"소고기, 채소(양파, 대파, 홍청양고추), 두부, 소스로 구성되어 있습니다.","소고기,채소,양파,대파,홍청양고추,두부,소스",찌개/짜글이,콩,,,,,,,,1,,,,1,,
1,6058464783,11130341547,78408934895,복선당 야채듬뿍 닭볶음탕 앤 떡 (냉동),"복선당 야채듬뿍 닭볶음탕 앤 떡 (냉동), 1200g, 1개",14900,0,14900,"(100g당 1,242원)",4.5,276,1,"수비드찜닭, 야채, 밀떡, 소스로 구성되어 있습니다.","수비드찜닭,야채,밀떡,소스",닭,밀,,,,1,,,,,1,,,,,
1,7006320086,17201669580,84373653564,마이셰프 시원한 동태탕 (냉동),"마이셰프 시원한 동태탕 (냉동), 1개, 600g",12900,0,12900,"(100g당 2,150원)",0,0,1,"소스, 무, 대파, 명태, 명태곤이, 명란으로 구성되어 있습니다.","소스,무,대파,명태,명태곤이,명란",생선탕,생선,,,,,,,,,,,,,,1
1,7006319842,17201668593,84373652653,마이셰프 얼큰한 꽃게탕 (냉동),"마이셰프 얼큰한 꽃게탕 (냉동), 1개, 500g",12900,0,12900,"(100g당 2,580원)",0,0,1,"소스, 무, 대파, 꽃게로 구성되어 있습니다.","소스,무,대파,꽃게",해물탕,갑각류,1,,,,,,,,,,,,,
1,6971421098,17005136592,84181027308,the 푸짐한 탕선생 한마리 동태탕 (냉동),"the 푸짐한 탕선생 한마리 동태탕 (냉동), 1개, 540g",11000,0,11000,"(100g당 2,037원)",0,0,1,"명태, 바지락, 대구 곤이, 해물 알탕 양념으로 구성되어 있습니다.","명태,바지락,대구곤이",생선탕,생선,,,,,,,,,,,,,,1
1,6931215938,16772036009,83953239385,푸드어셈블 차돌 짬뽕 부대찌개 밀키트,"푸드어셈블 차돌 짬뽕 부대찌개 밀키트, 1개, 575g",12900,0,12900,"(100g당 2,243원)",0,0,1,"소고기, 햄, 양파, 대파, 사리면, 콩나물, 향미유, 소스가 동봉되어 있습니다.","소고기,햄,양파,대파,사리면,콩나물,향미유",찌개/짜글이,콩,,,,,,,,1,,,,1,,
1,6919151669,16702268903,83884772135,해물래 푸짐한 해물뚝배기 탕,"해물래 푸짐한 해물뚝배기 탕, 1개, 540g",13890,0,13890,"(100g당 2,572원)",0,0,1,"오징어, 주꾸미, 새우, 홍합, 바지락, 고추, 대파, 무, 소스로 구성되어 있습니다.","오징어,주꾸미,새우,홍합,바지락,고추,대파,무,소스",해물탕,갑각류,1,,,,,1,1,,,,,,,
1,6867224509,16417101938,83608037177,홈스토랑 불맛가득 통오징어 짬뽕탕,"홈스토랑 불맛가득 통오징어 짬뽕탕, 770g, 1개",14990,0,14990,"(100g당 1,947원)",0,0,1,"오징어, 숙면, 야채(배추, 청경채, 양파, 대파), 소스, 목이버섯, 기타수산물가공품(바지락 함유), 건고추, 향미유로 구성되어 있습니다.","오징어,숙면,야채,배추,청경채,양파,대파,소스,목이버섯,건고추,향미유",면,오징어류,,,,,,,1,,,,,,,
1,6659721000,15283363145,82503848334,본갯마을 동태탕 (냉동),"본갯마을 동태탕 (냉동), 850g, 1개",9900,0,9900,"(100g당 1,165원)",0,0,1,"손질 동태, 채소(양파, 대파, 고추, 무), 소스로 구성되어 있습니다.","손질 동태,채소,양파,대파,고추,무,소스",생선탕,생선,,,,,,,,,,,,,,1
1,6629235335,15106477729,82328393225,빽쿡 제주 돼지 부대찌개,"빽쿡 제주 돼지 부대찌개, 826g, 1개",9990,0,9990,"(100g당 1,209원)",0,0,1,"부대찌개 모둠햄, 유탕면, 수제비, 김치, 치즈, 청양고추, 팽이버섯, 양파, 대파, 사골농축액, 부대찌개 소스로 구성되어 있습니다.","유탕면,수제비,김치,치즈,청양고추,팽이버섯,양파,대파,사골농축액",찌개/짜글이,,,,,,,,,,,,,,,
1,6583698014,14826311373,82065805281,삼삼해물 알이 맛있탕,"삼삼해물 알이 맛있탕, 1개, 840g",13290,0,13290,"(100g당 1,582원)",0,0,1,"대구알, 대구 곤이, 소스, 대파, 쑥갓과 청양고추, 팽이버섯, 무로 구성되어 있습니다.","대구알,대구곤이,소스,대파,쑥갓,청양고추,팽이버섯,무",알탕,,,,,,,,,,,,,,,
1,6583698012,14826311370,82065805279,삼삼해물 문어오리탕,"삼삼해물 문어오리탕, 1개, 600g",17150,0,17150,"(100g당 2,858원)",0,0,1,"자숙문어, 들깨가루, 양파, 대파, 깻잎, 훈제오리, 소스, 부추, 고추로 구성되어 있습니다.","자숙문어,들깨가루,양파,대파,깻잎,훈제오리,소스,부추,고추",해물탕,오징어류,,,,,,,1,,,,,,,
1,6209247034,12367844648,79637649035,쟌슨빌 햄 부대찌개 (냉동),"쟌슨빌 햄 부대찌개 (냉동), 534g, 1개",8900,0,8900,"(100g당 1,667원)",0,0,1,"햄(찹햄, 코테기노), 김치, 채소(양파, 대파), 떡, 치즈, 소스로 구성되어 있습니다.","햄,찹햄,코테기노,김치,채소,양파,대파,떡,치즈,소스",찌개/짜글이,,,,,,,,,,,,,,,
1,6148801115,11853473415,79126678610,심플리쿡 The청국장찌개,"심플리쿡 The청국장찌개, 660g, 1개",9500,0,9500,"(100g당 1,439원)",0,0,1,"청국장, 두부, 야채, 고춧가루, 조개육수로 구성되어 있습니다.","청국장,두부,야채,고춧가루,조개육수",찌개/짜글이,조개류,,,,,,1,,1,,,,,,
1,6583463791,14824980920,82064489619,빽쿡 애호박 고추장 찌개,"빽쿡 애호박 고추장 찌개, 555g, 1개",9990,2%,9780,"(100g당 1,762원)",4.0,11,1,"돼지고기, 애호박, 양파, 표고버섯, 대파, 소스로 구성되어 있습니다.","돼지고기,애호박,양파,표고버섯,대파,소스",찌개/짜글이,돼지,,,,,,,,,,1,,,,
1,6583463793,14824980928,82064489621,빽쿡 맑은 국물 파육개장,"빽쿡 맑은 국물 파육개장, 1개, 584g",9990,0,9990,"(100g당 1,711원)",4.0,4,1,"양념육, 대파, 건면, 사골 농축액, 파개장 오일, 파개장 소스로 구성되어 있습니다.","양념육,대파,건면,사골 농축액,파개장 오일,파개장 소스",국,,,,,,,,,,,,,,,
1,6775820898,15921281181,83128589968,마이셰프 큰기와집 진한 청국장,"마이셰프 큰기와집 진한 청국장, 595g, 1개",8900,0,8900,"(100g당 1,496원)",4.5,24,1,"두부, 청국장, 표고버섯과 야채(쥬키니 호박, 무, 양파)로 구성되어 있습니다.","두부,청국장,표고버섯,야채,쥬키니 호박,무,양파",국,콩,,,,,,,,1,,,,,,
1,6058114397,11128496002,78407114696,해도 해물 순두부찌개,"해도 해물 순두부찌개, 725g, 1개",10500,0,10500,"(100g당 1,448원)",4.5,210,1,"순두부, 새우, 바지락, 소스, 양파, 쥬키니호박, 대파로 구성되어 있습니다.","순두부,새우,바지락,소스,양파,쥬키니호박,대파",찌개/짜글이,갑각류,1,,,,,,,1,,,,,,
1,267253941,837860741,5132891181,프레시밀 애호박 된장찌개,"프레시밀 애호박 된장찌개, 710g, 1팩",8100,0,8100,"(100g당 1,141원)",4.5,3546,1,"두부, 감자, 양파, 대파, 청양고추, 애호박, 된장국 양념, 팽이버섯으로 구성되어 있습니다.","두부,감자,양파,대파,청양고추,애호박,팽이버섯",찌개/짜글이,콩,,,,,,,,1,,,,,,
1,310077994,977477519,5392648883,프레시밀 시금치된장국,"프레시밀 시금치된장국, 520g, 1팩",8400,0,8400,"(100g당 1,615원)",4.5,625,1,"두부, 시금치, 대파, 청양고추, 된장국양념으로 구성되어 있습니다.","두부,시금치,대파,청양고추,된장국양념",국,콩,,,,,,,,1,,,,,,
1,6071328862,11210730124,78488271536,삼삼해물X북창동 알탕 순두부 찌개,"삼삼해물X북창동 알탕 순두부 찌개, 820g, 1개",12900,0,12900,"(100g당 1,573원)",4.5,455,1,"순두부, 명태곤이, 명태알, 쥬키니호박과 양파, 대파, 소스로 구성되어 있습니다.","순두부,명태곤이,명태알,쥬키니호박,양파,대파,소스",알탕,콩,,,,,,,,1,,,,,,1
1,6155405952,11911599721,79184510522,해도 얼큰 명태 알탕,"해도 얼큰 명태 알탕, 640g, 1개",13800,0,13800,"(100g당 2,156원)",4.5,276,1,"알(명태알, 명태곤이), 쑥갓잎, 무, 팽이버섯, 채소(대파, 고추), 소스로 구성되어 있습니다.","알,명태알,명태곤이,쑥갓잎,무,팽이버섯,채소,대파,고추,소스",알탕,생선,,,,,,,,,,,,,,1
1,6155405958,11911599761,79184510544,해도 얼큰 알탕 칼국수,"해도 얼큰 알탕 칼국수, 740g, 1개",14700,0,14700,"(100g당 1,986원)",4.5,131,1,"알(명태알, 명태곤이), 생면, 쑥갓잎, 채소(대파, 고추), 소스로 구성되어 있습니다.","알,명태알,명태곤이,생면,쑥갓잎,채소,대파,고추,소스",국수,생선,,,,,,,,,,,,,,1
1,1421897651,2460513772,70454023378,프레시밀 바지락 된장찌개,"프레시밀 바지락 된장찌개, 620g, 1팩",9300,0,9300,"(100g당 1,500원)",4.5,450,1,"바지락, 애호박, 두부, 대파, 양파, 감자, 양념으로 구성되어 있습니다.","바지락,애호박,두부,대파,양파,감자,양념",찌개/짜글이,콩,,,,,,,,1,,,,,,
1,6812517330,16120507078,83317344313,앙트레쿠킹박스 꼬치어묵 우동전골 밀키트 2인분 (냉동),"앙트레쿠킹박스 꼬치어묵 우동전골 밀키트 2인분 (냉동), 905g, 1개",13970,0,13970,"(100g당 1,544원)",5.0,9,1,"어묵, 우동면, 야채, 팽이버섯, 소스, 보리새우로 구성되어 있습니다.","어묵,우동면,야채,팽이버섯,소스,보리새우",전골,갑각류,1,,,,,,,,,,,,,
1,6329162923,13227588695,80485737897,프레시밀 짬뽕 순두부,"프레시밀 짬뽕 순두부, 745g, 1개",9900,0,9900,"(100g당 1,329원)",4.5,155,1,"돼지고기, 소스, 채소(대파, 애호박, 양파), 순두부로 구성되어 있습니다.","돼지고기,소스,채소,대파,애호박,양파,순두부",찌개/짜글이,콩,,,,,,,,1,,1,,,,
1,6422626771,13825224000,81075435668,은하수산 도다리 쑥국,"은하수산 도다리 쑥국, 1320g, 1개",19900,0,19900,"(100g당 1,508원)",3.5,31,1,"문치가자미(도다리), 채소(무, 고추), 쑥, 다진 마늘, 팽이버섯, 육수로 구성되어 있습니다.","문치가자미,도다리,채소,무,고추,쑥,다진마늘,팽이버섯,육수",국,,,,,,,,,,,,,,,
1,6640419058,15178104928,82399398500,삼삼해물 해신탕 V.02 (냉동),"삼삼해물 해신탕 V.02 (냉동), 1개, 570g",30900,0,30900,"(100g당 5,421원)",3.5,4,1,"새우, 전복, 문어, 대추와 기타농산가공품으로 구성되어 있습니다.","새우,전복,문어,대추",해물탕,갑각류,1,,,,,,1,,,,,,,
1,1183877130,2164259048,70162428267,마이셰프 냄비가득 고기 김치찌개,"마이셰프 냄비가득 고기 김치찌개, 575g, 1개",10900,0,10900,"(100g당 1,896원)",4.0,577,1,"라면사리, 소고기, 배추김치, 육수, 양파, 대파로 구성되어 있습니다.","라면사리,소고기,배추김치,육수,양파,대파",찌개/짜글이,소,,,,,,,,,,,,1,,
1,1431137258,2472150451,70465540997,마이셰프 UFO 부대찌개,"마이셰프 UFO 부대찌개, 963g, 1개",15900,18%,12900,"(100g당 1,340원)",4.5,847,1,"라면사리, 대파채, 숙주나물, 프레스 햄, 소시지, 소스, 치즈로 구성되어 있습니다.","라면사리,대파채,숙주나물,프레스 햄,소시지,소스,치즈",찌개/짜글이,,,,,,,,,,,,,,,
1,6422453071,13824253137,81074472637,어부담 백조기 굴비매운탕,"어부담 백조기 굴비매운탕, 1000g, 1개",11900,0,11900,"(100g당 1,190원)",4.0,81,1,"굴비, 야채(무, 대파, 고추), 새우, 홍합, 고사리, 소스, 찌개 두부로 구성되어 있습니다.","굴비,야채,무,대파,고추,새우,홍합,고사리,소스,찌개 두부",생선탕,갑각류,1,,,,,1,,1,,,,,,1
1,4776417676,6103031357,73399400157,곰곰 해물 누룽지탕 밀키트,"곰곰 해물 누룽지탕 밀키트, 900g, 1개",13490,0,13490,"(100g당 1,499원)",4.5,1123,1,"해물모듬, 표고버섯, 새송이버섯, 느타리버섯, 청경채, 배추, 대파, 단호박","해물모듬,표고버섯,새송이버섯,느타리버섯,청경채,배추,대파,단호박",해물탕,,,,,,,,,,,,,,,
1,6867222413,16417092908,83608028095,마이셰프 제주식 딱새우 해물탕 (냉동),"마이셰프 제주식 딱새우 해물탕 (냉동), 705g, 1개",14900,0,14900,"(100g당 2,113원)",5.0,5,1,"오징어, 꽃게, 명태 곤이, 백합조개, 딱새우, 전복, 대파, 무 등으로 구성되어 있습니다.","오징어,꽃게,명태곤이,백합조개,딱새우,전복,대파,무",해물탕,갑각류,1,,,,,1,1,,,,,,,1
1,6764025028,15859796330,83069850181,프레시지 얼큰한 동태탕 (냉동),"프레시지 얼큰한 동태탕 (냉동), 785g, 1개",14900,0,14900,"(100g당 1,898원)",4.0,128,1,"기타 수산물가공품(명태, 대구곤이, 홍합살), 채소(무, 대파, 청양고추), 소스로 구성되어 있습니다.","명태,대구곤이,홍합살,채소,무,대파,청양고추,소스",생선탕,조개류,,,,,,1,,,,,,,,1
1,6422627655,13825228549,81075440434,은하수산 봄 제철 도다리 쑥국,"은하수산 봄 제철 도다리 쑥국, 2320g, 1개",32900,0,32900,"(100g당 1,418원)",4.0,24,1,"문치가자미(도다리), 채소(무, 고추), 쑥, 다진 마늘, 팽이버섯, 육수로 구성되어 있습니다.","문치가자미,도다리,채소,무,고추,쑥,다진마늘,팽이버섯,육수",국,,,,,,,,,,,,,,,
1,6675548499,15374719465,82594812830,심플리쿡 진한 백부대찌개,"심플리쿡 진한 백부대찌개, 1개, 546g",13500,0,13500,"(100g당 2,473원)",4.5,41,1,"프레스햄, 채소, 소스, 유탕면 등으로 구성되어있습니다.(채소 : 대파, 양배추, 양파, 마늘)","프레스햄,채소,소스,유탕면,채소,대파,양배추,양파,마늘",찌개/짜글이,,,,,,,,,,,,,,,
1,6410059383,13743233640,80994055820,쉐푸드 동태알탕 밀키트 (냉동),"쉐푸드 동태알탕 밀키트 (냉동), 920g, 1개",21650,8%,19900,"(100g당 2,163원)",4.5,41,1,"해물(동태, 명태곤이, 명태알), 채소(무, 대파, 청양고추, 팽이버섯), 소스로 구성되어 있습니다.","해물,동태,명태곤이,명태알,채소,무,대파,청양고추,팽이버섯,소스",알탕,생선,,,,,,,,,,,,,,1
1,6183714676,12159614522,79431047827,마이셰프 카카오프렌즈 라이언 밀푀유나베,"마이셰프 카카오프렌즈 라이언 밀푀유나베, 1217g, 1개",25900,0,25900,"(100g당 2,128원)",4.5,51,1,"소고기, 숙주나물, 표고버섯, 폰즈 소스, 농축 육수, 칠리소스, 깻잎, 배추, 청경채, 팽이버섯, 육수, 칼국수 면으로 구성되어 있습니다.*표고버섯은 중량 기준으로 담겨있어 수량이 상이할 수 있어요.","소고기,숙주나물,표고버섯,폰즈 소스,농축 육수,칠리소스,깻잎,배추,청경채,팽이버섯,육수",전골,소,,,,,,,,,,,,1,,
1,6690372882,15458253335,82677814951,마이셰프 된장찌개 & 캠핑 가니시 밀키트,"마이셰프 된장찌개 & 캠핑 가니시 밀키트, 905g, 1개",9900,0,9900,"(100g당 1,094원)",5.0,14,1,"두부, 단호박과 배추, 채소(쥬키니호박, 대파, 표고버섯, 양파), 양파와 적양파, 팽이버섯, 된장, 소스 등으로 구성되어 있습니다.","두부,단호박,배추,채소,쥬키니호박,대파,표고버섯,양파,양파,적양파,팽이버섯,된장,소스",찌개/짜글이,콩,,,,,,,,1,,,,,,
1,6919732023,16705358753,83887813241,바다자리 제주 참조기구이 앤 생물홍합짬뽕탕 씨키트 3~4인분,"바다자리 제주 참조기구이 앤 생물홍합짬뽕탕 씨키트 3~4인분, 1개, 700g",18300,16%,15200,"(100g당 2,171원)",4.5,9,1,"참조기, 홍합, 무, 양파, 파, 고추, 고추맛기름, 짬뽕 소스로 구성되어 있습니다.","참조기,홍합,무,양파,파,고추,고추맛기름,짬뽕 소스",구이,조개류,,,,,,1,,,,,,,,1
1,6908771815,16642373027,83826517085,바다자리 국산갈치구이 앤 해물된장찌개 650g + 야채 + 소스 씨키트 3~4인분 세트,"바다자리 국산갈치구이 앤 해물된장찌개 650g + 야채 + 소스 씨키트 3~4인분 세트, 1세트",22800,17%,18900,,5.0,1,1,"갈치, 꽃게, 홍합, 야채세트(양파, 파, 고추), 꽃게된장찌개용 양념, 바지락맛 액상소스로 구성되어 있습니다.","갈치,꽃게,홍합,양파,파,고추,꽃게된장찌개용 양념,바지락맛 액상소스",구이,갑각류,1,,,,,1,,,,,,,,1
1,6223984744,12470789189,79739631586,마이셰프 사골 부대찌개,"마이셰프 사골 부대찌개, 1368g, 1개",15900,0,15900,"(100g당 1,162원)",4.5,892,1,"라면사리, 육수, 치즈, 숙주나물, 프레스 햄, 돼지고기, 다진 마늘, 대파로 구성되어 있습니다.","라면사리,육수,치즈,숙주나물,프레스 햄,돼지고기,다진마늘,대파",찌개/짜글이,돼지,,,,,,,,,,1,,,,
1,6353310624,13377401963,80632306816,심플리쿡 해물 누룽지탕 (냉동),"심플리쿡 해물 누룽지탕 (냉동), 960g, 1개",16900,0,16900,"(100g당 1,760원)",4.5,360,1,"해물(오징어, 새우, 피홍합), 소스, 누룽지로 구성되어 있습니다.","해물,오징어,새우,피홍합,소스,누룽지",해물탕,갑각류,1,,,,,1,1,,,,,,,
1,2342319214,4058826139,72042932910,집반찬연구소 한돈 돼지고기 짜글이 밀키트,"집반찬연구소 한돈 돼지고기 짜글이 밀키트, 670g, 1개",17800,0,17800,"(100g당 2,657원)",4.5,375,1,"김치, 돼지고기, 김자반, 양파, 해물장 등 짜글이를 만드는데 필요한 재료들로 구성되어 있습니다.","김치,돼지고기,김자반,양파",찌개/짜글이,돼지,,,,,,,,,,1,,,,
2,6988025931,17093723512,84267590605,해물래 꼬막비빔밥 재료 키트,"해물래 꼬막비빔밥 재료 키트, 270g, 1개",14900,0,14900,"(100g당 5,519원)",0,0,1,"새꼬막, 소스, 양배추, 적양배추, 당근, 고추, 참기름 등으로 구성되어 있습니다.","새꼬막,소스,양배추,적양배추,당근,고추,참기름",씨푸드,,,,,,,,,,,,,,,
2,6988025868,17093723174,84267590270,해물래 멍게비빔밥 재료 키트,"해물래 멍게비빔밥 재료 키트, 270g, 1개",14900,0,14900,"(100g당 5,519원)",0,0,1,"멍게, 소스, 양배추, 적양배추, 당근, 고추, 참기름 등으로 구성되어 있습니다.","멍게,소스,양배추,적양배추,당근,고추,참기름",씨푸드,갑각류,1,,,,,,,,,,,,,
3,2212937714,3767825253,71752894115,곰곰 골든비프 찹스테이크 밀키트,"곰곰 골든비프 찹스테이크 밀키트, 571g, 1개",16990,5%,15990,"(100g당 2,800원)",5.0,13269,0,"쇠고기, 양파, 홍피망, 청피망, 쥬키니호박, 총알새송이버섯, 방울토마토, 마늘종, 단호박","쇠고기,양파,홍피망,청피망,쥬키니호박,총알새송이버섯,방울토마토,마늘종,단호박",스테이크,소,,,,,,,,,,,,1,1,
3,6223984745,12470789188,79739631592,마이셰프 포크 찹스테이크,"마이셰프 포크 찹스테이크, 648g, 1개",13900,21%,10900,"(100g당 1,682원)",4.5,1222,0,"채소(마늘, 적양파, 브로콜리, 컬리플라워), 돼지고기, 엔젤헤어모짜, 소스, 시즈닝으로 구성되어 있습니다.","채소,마늘,적양파,브로콜리,컬리플라워,돼지고기,소스,시즈닝",스테이크,돼지,,,,,,,,,,1,,,,
3,6853860043,16337863730,83529754590,푸드어셈블 을지다락 찹목살 스테이크 플래터,"푸드어셈블 을지다락 찹목살 스테이크 플래터, 845g, 1개",15900,3%,15400,"(100g당 1,822원)",5.0,2,0,"돼지고기, 빵, 노랑 파프리카, 빨강 파프리카, 청피망, 양파, 브로콜리, 포테이토 컵 수프, 스테이크 씨즈닝, 향신료조제품, 올리브오일, 소스 등으로 구성되어 있습니다.","돼지고기,빵,노랑 파프리카,빨강 파프리카,청피망,양파,브로콜리,스테이크 씨즈닝,올리브오일,소스",스테이크,돼지,,,,,,,,,,1,,,,
3,6091413115,11358338142,78634691299,곰곰 레드와인 스테이크 밀키트,"곰곰 레드와인 스테이크 밀키트, 543g, 1개",15990,0,15990,"(100g당 2,945원)",4.5,864,1,"쇠고기, 쥬키니호박, 방울토마토, 홍파프리카, 청피망, 마늘종, 단호박, 레드와인, 스테이크소스, 대두유, 몬트리얼스테이크시즈닝, 양파","쇠고기,쥬키니호박,방울토마토,홍파프리카,청피망,마늘종,단호박,레드,스테이크소스,대두유,몬트리얼스테이크시즈닝,양파",스테이크,콩,,,,,,,,1,,,,1,1,
3,6931216134,16772037064,83953240241,푸드어셈블 프리미엄 블랙타이거 스테이크 밀키트,"푸드어셈블 프리미엄 블랙타이거 스테이크 밀키트, 545g, 1개",17400,0,17400,"(100g당 3,193원)",0,0,1,"소고기, 블랙타이거 새우, 브로콜리, 방울토마토, 양파, 스테이크 씨즈닝, 버터 후레시, 대두유, 소스로 구성되어 있습니다.","소고기,블랙타이거 새우,브로콜리,방울토마토,양파,스테이크 씨즈닝,대두유,소스",스테이크,갑각류,1,,,,,,,1,,,,1,1,
3,6170509776,12041424866,79313649301,프레시지 빙그레 쟈키쟈키 돈마호크 스테이크,"프레시지 빙그레 쟈키쟈키 돈마호크 스테이크, 528g, 1개",14150,0,14150,"(100g당 2,680원)",0,0,1,"돈마호크, 채소(아스파라거스, 방울토마토, 방울양배추, 총알새송이버섯), 시즈닝&빵가루, 올리브오일, 숯불갈비맛소스, 허브솔트, 버터로 구성되어 있습니다.","돈마호크,채소,아스파라거스,방울토마토,방울양배추,총알새송이버섯,올리브오일,허브솔트,버터",스테이크,토마토,,,,,,,,,,,,,1,
3,6094809156,11384671658,78660781251,애슐리 제주산 돈마호크 스테이크,"애슐리 제주산 돈마호크 스테이크, 512g, 1개",15400,10%,13800,"(100g당 2,695원)",4.5,269,1,"돈마호크, 방울토마토, 야채(양파, 청피망, 빨강파프리카, 노랑파프리카, 새송이버섯), 시즈닝, 소스로 구성되어 있습니다.","돈마호크,방울토마토,야채,양파,청피망,빨강파프리카,노랑파프리카,새송이버섯,시즈닝,소스",스테이크,토마토,,,,,,,,,,,,,1,
3,6183714696,12159614595,79431047921,마이셰프 카카오프렌즈 무지 앤 콘 찹스테이크,"마이셰프 카카오프렌즈 무지 앤 콘 찹스테이크, 489g, 1개",17900,0,17900,"(100g당 3,661원)",4.5,88,1,"소고기, 채소(양파, 홍파프리카, 브로콜리, 마늘), 새송이버섯, 소스, 시즈닝, 대두유(콩기름)으로 구성되어 있습니다.","소고기,채소,양파,홍파프리카,브로콜리,마늘,새송이버섯,소스,시즈닝,대두유,콩기름",스테이크,콩,,,,,,,,1,,,,1,,
3,6370694126,13492479256,80746649252,마이셰프 로얄크리미 스테이크,"마이셰프 로얄크리미 스테이크, 415g, 1개",20090,6%,18700,"(100g당 4,506원)",4.5,33,1,"소고기, 야채(미니 파프리카, 마늘종), 소스, 매쉬 포테이토 가루, 올리브유, 시즈닝, 파마산 치즈 가루로 구성되어 있습니다.","소고기,야채,미니 파프리카,마늘종,소스,올리브유,시즈닝,파마산 치즈 가루",스테이크,소,,,,,,,,,,,,1,,
4,310078060,977477690,5392649379,프레시밀 투움바파스타,"프레시밀 투움바파스타, 630g, 1팩",14400,1%,14250,"(100g당 2,262원)",4.5,2937,0,"베이컨, 페투치네면, 양파, 마늘, 매일우유, 레드페퍼 치즈 파우더, 투움바 소스, 올리브유로 구성되어 있습니다.","베이컨,페투치네면,양파,마늘,올리브유",파스타,,,,,,,,,,,,,,,
4,1600874220,2734537090,70724641036,곰곰 감바스 알 아히요,"곰곰 감바스 알 아히요, 492g, 1세트",13990,0,13990,"(100g당 2,843원)",5.0,7985,0,"오향보쌈, 부추, 마늘소스, 보쌈무","오향보쌈,부추,마늘소스,보쌈무",감바스,,,,,,,,,,,,,,,
4,6638341874,15165311101,82386705703,바다자리 해물 감바스 밀키트 3~4인분 450g,"바다자리 해물 감바스 밀키트 3~4인분 450g, 1세트",19600,13%,16900,,4.5,158,0,"바지락, 새우살, 오징어, 건고추, 양파, 마늘, 올리브 오일, 허브솔트로 구성되어 있습니다.","바지락,새우살,오징어,건고추,양파,마늘,올리브 오일,허브솔트",감바스,갑각류,1,,,,,,1,,,,,,,
4,6565459953,14716851774,81957567566,애슐리 플러스 감바스 피칸테,"애슐리 플러스 감바스 피칸테, 1개, 609g",16900,0,16900,"(100g당 2,775원)",4.5,214,0,"수산물가공품(흰다리새우), 건고추, 방울토마토, 쥬키니호박, 마늘, 건면, 구성품1, 빵, 올리브유, 구성품2, 구성품3으로 구성되어 있습니다.","흰다리새우,건고추,방울토마토,쥬키니호박,마늘,건면,빵,올리브유",감바스,갑각류,1,,,,,,,,,,,,1,
4,156649272,451065872,4117038563,프레시지 쉬림프 로제 파스타,"프레시지 쉬림프 로제 파스타, 562g, 1개",11900,8%,10900,"(100g당 1,940원)",5.0,11672,0,"수산물가공품(새우 함유), 양파, 소스, 건면 등으로 구성되어 있습니다.","양파,소스,건면",파스타,,,,,,,,,,,,,,,
4,6638342207,15165313309,82386708499,바다자리 새우 해물 감바스 밀키트 1~2인분 240g,"바다자리 새우 해물 감바스 밀키트 1~2인분 240g, 1세트",16100,19%,12900,,4.0,131,0,"바지락, 새우살, 오징어, 건고추, 양파, 마늘, 올리브오일, 허브솔트로 구성되어 있습니다.","바지락,새우살,오징어,건고추,양파,마늘,올리브오일,허브솔트",감바스,갑각류,1,,,,,,1,,,,,,,
4,4584549440,5625626678,72924782993,프레시지 머쉬룸 크림 빠네 파스타,"프레시지 머쉬룸 크림 빠네 파스타, 674g, 1개",12900,0,12900,"(100g당 1,914원)",4.5,4750,0,"1. 빵, 치즈, 스파게티면, 치즈크림소스, 표고버섯, 브로콜리 등이 담겨 있어요.2. 제품에 포함된 채소와 버섯은 조리 전 흐르는 물에 깨끗하게 씻은 다음 조리해주세요.3. 피클, 할라피뇨 등을 미리 준비해 함께 드셔 보세요.","빵,치즈,스파게티면,표고버섯",파스타,갑각류,1,,,,,,,,,,,,,
4,6922145636,16720125492,83902327473,프레시지 쉬림프 투움바 파스타 (냉동),"프레시지 쉬림프 투움바 파스타 (냉동), 1개, 480g",11900,10%,10710,"(100g당 2,231원)",4.5,14,0,"페투치네, 기타 수산물가공품(새우 등 함유), 마늘, 양파, 소스 등으로 구성되어 있습니다.","페투치네,마늘,양파,소스",파스타,,,,,,,,,,,,,,,
4,6680977086,15406070888,82625961495,프레시지 푸짐한 김치어묵 우동전골 (냉동),"프레시지 푸짐한 김치어묵 우동전골 (냉동), 1.49kg, 1개",16900,11%,14900,"(100g당 1,000원)",4.5,516,0,"어묵, 우동 면, 야채 (무, 대파, 청양고추) 등으로 구성되어 있습니다.","어묵,우동 면,야채,무,대파,청양고추",전골,,,,,,,,,,,,,,,
4,293473547,926572666,5302426718,마이셰프 스페인 감바스알아히요 앤 파스타,"마이셰프 스페인 감바스알아히요 앤 파스타, 587g, 1개",16500,18%,13400,"(100g당 2,283원)",4.5,5171,0,"빵, 마늘, 방울토마토, 마늘종, 기타수산물가공품, 건고추, 건면, 올리브유 등으로 구성되어 있습니다.","빵,마늘,방울토마토,마늘종,건고추,건면,올리브유",파스타,토마토,,,,,,,,,,,,,1,
4,4712511957,5947660233,73245608268,앙트레 감바스 알 아히요 2인분,"앙트레 감바스 알 아히요 2인분, 369g, 1개",16280,14%,13900,"(100g당 3,767원)",4.5,613,0,"바게트 빵, 새우, 올리브 오일, 훈제 파프리카 파우더, 크러쉬드 페퍼, 마늘, 사천 고추, 건파슬리, 허브 솔트로 구성되어 있습니다.","바게트 빵,새우,올리브 오일,훈제 파프리카 파우더,크러쉬드 페퍼,마늘,사천 고추,건파슬리,허브 솔트",감바스,갑각류,1,,,,,,,,,,,,,
4,6636134733,15151380462,82372899886,모두의맛집 어쩌다농부 명란 들기름 파스타 (냉동),"모두의맛집 어쩌다농부 명란 들기름 파스타 (냉동), 1개, 276g",9000,0,9000,"(100g당 3,261원)",4.5,5,0,숙면과 명란 들기름 파스타 만들기에 필요한 재료로 구성되어 있습니다.,숙면,파스타,,,,,,,,,,,,,,,
4,6246947933,12641184023,79908701428,맛투데이 찐 모듬 해물탕 690g (냉동),"맛투데이 찐 모듬 해물탕 690g (냉동), 1세트",16510,1%,16290,,4.5,121,0,"해산물, 건조 파, 건조 청양고추, 소스로 구성되어 있습니다.","해산물,소스",해물탕,,,,,,,,,,,,,,,
4,6246947886,12641183674,79908701163,맛투데이 찐 알곤이탕 540g (냉동),"맛투데이 찐 알곤이탕 540g (냉동), 1세트",13900,0,13900,,4.5,677,0,"해산물, 건조 파, 건조 청양고추, 소스로 구성되어 있습니다.","해산물,소스",알탕,,,,,,,,,,,,,,,
4,6919151891,16702270354,83884773440,해물래 갑오징어파스타 알리오올리오소스,"해물래 갑오징어파스타 알리오올리오소스, 470g, 1세트",10890,0,10890,"(100g당 2,317원)",3.5,3,0,"숙면, 바지락, 새우, 갑오징어, 소스로 구성되어 있습니다.","숙면,바지락,새우,갑오징어,소스",파스타,갑각류,1,,,,,,1,,,,,,,
4,6636134619,15151379986,82372899340,모두의맛집 샤오짠 탄탄면 (냉동),"모두의맛집 샤오짠 탄탄면 (냉동), 1개, 580g",8800,0,8800,"(100g당 1,517원)",4.0,8,0,"구성품(청경채, 돼지고기, 두반장 소스 등 함유), 생면으로 구성되어 있습니다.","청경채,돼지고기,생면",면,돼지,,,,,,,,,,1,,,,
4,6636134628,15151379998,82372899367,모두의맛집 미소댓잎국수 죽순 비빔국수 (냉동),"모두의맛집 미소댓잎국수 죽순 비빔국수 (냉동), 1개, 347g",7500,0,7500,"(100g당 2,161원)",4.5,6,0,"조미김, 죽순, 참기름, 우렁살, 생면, 소스로 구성되어 있습니다.","조미김,죽순,참기름,우렁살,생면,소스",국수,,,,,,,,,,,,,,,
4,5648470972,9235673806,76521315419,푸드어셈블 매콤 감바스 알 아히요 앤 바게트 밀키트,"푸드어셈블 매콤 감바스 알 아히요 앤 바게트 밀키트, 516g, 1팩",16900,2%,16400,"(100g당 3,178원)",4.5,307,1,"빵, 새우, 마늘, 양송이버섯, 건고추, 올리브유, 고추맛기름, 고춧가루, 후추가루, 재제소금, 시즈닝으로 구성되어 있습니다.","빵,새우,마늘,양송이버섯,건고추,올리브유,고추맛기름,고춧가루,후추가루,시즈닝",감바스,갑각류,1,,,,,,,,,,,,,
4,1717551896,2923166319,70911802219,프레시지 바질크림 빠네 파스타,"프레시지 바질크림 빠네 파스타, 636g, 1개",10830,8%,9900,"(100g당 1,557원)",4.5,728,1,"건면, 소스, 크림, 스프볼, 양파, 바질 분태, 치즈 파우더로 구성되어 있습니다.","건면,소스,크림,양파",파스타,,,,,,,,,,,,,,,
4,318178949,1015672220,5451604420,프레시지 2in1 홈파티 세트 더큰 블랙라벨 스테이크 & 쉬림프 로제 파스타,"프레시지 2in1 홈파티 세트 더큰 블랙라벨 스테이크 & 쉬림프 로제 파스타, 1161g, 1세트",26900,0,26900,"(100g당 2,317원)",4.5,2955,1,"스파게티, 기타 수산물가공품, 양파, 소고기, 마늘, 아스파라거스, 방울토마토, 적양파 등으로 구성되어 있습니다.","스파게티,양파,소고기,마늘,아스파라거스,방울토마토,적양파",스테이크,갑각류,1,,,,,,,,,,,1,1,
4,6135492875,11729969992,79003935867,애슐리 플러스 바지락 봉골레 파스타,"애슐리 플러스 바지락 봉골레 파스타, 892g, 1개",13900,0,13900,"(100g당 1,558원)",4.5,701,1,"면, 바지락, 건고추, 마늘, 호박, 조개육수스톡, 올리브유, 소스로 구성되어 있습니다.","면,바지락,건고추,마늘,호박,올리브유,소스",파스타,,,,,,,,,,,,,,,
4,6641444068,15183076901,82404328861,마이셰프 허챠밍 깻잎 페스토 감바스 2인분,"마이셰프 허챠밍 깻잎 페스토 감바스 2인분, 1팩, 514g",17900,0,17900,"(100g당 3,482원)",5.0,6,1,"바게트, 새우살, 방울토마토, 마늘, 깻잎, 새송이버섯, 건고추, 올리브유 등으로 구성되어 있습니다.","바게트,새우살,방울토마토,마늘,깻잎,새송이버섯,건고추,올리브유",감바스,갑각류,1,,,,,,,,,,,,1,
4,6690372983,15458253828,82677815295,마이셰프 원팬 볼로네제 라구 파스타,"마이셰프 원팬 볼로네제 라구 파스타, 467g, 1개",9900,0,9900,"(100g당 2,120원)",4.5,66,1,"스파게티 면,  소스, 방울토마토, 가공 치즈로 구성되어 있습니다.","스파게티 면,소스,방울토마토",파스타,갑각류,1,,,,,,,,,,,,1,
4,6953855822,16905444886,84083561174,마이셰프 알찬 로제 스테이크 파스타,"마이셰프 알찬 로제 스테이크 파스타, 1개, 584g",13900,0,13900,"(100g당 2,380원)",5.0,3,1,"소고기, 마늘, 마늘종, 소스, 건면, 치즈로 구성되어 있습니다.","소고기,마늘,마늘종,소스,건면,치즈",스테이크,소,,,,,,,,,,,,1,,
4,310078021,977477575,5392649067,프레시밀 베이컨크림파스타,"프레시밀 베이컨크림파스타, 630g, 1팩",14500,4%,13870,"(100g당 2,202원)",4.5,1561,1,"베이컨, 면, 크림 소스, 양파, 마늘, 매일우유, 올리브유, 갈릭 치즈 파우더로 구성되어 있습니다.","베이컨,면,크림 소스,양파,마늘,올리브유",파스타,,,,,,,,,,,,,,,
4,7012483761,17238244574,84409853077,바른식 팔당원조칼제비 시원칼제비 (냉동),"바른식 팔당원조칼제비 시원칼제비 (냉동), 485g, 1개",9900,0,9900,"(100g당 2,041원)",0,0,1,"칼국수용 생면, 수제비용 생면, 채소(대파, 애호박, 청양고추), 기타수산물가공품, 칼제비 육수로 구성되어 있습니다.","칼국수용 생면,채소,대파,애호박,청양고추",국,,,,,,,,,,,,,,,
4,6867222379,16417092793,83608027927,마이셰프 소고기 야끼우동,"마이셰프 소고기 야끼우동, 1개, 451g",10900,0,10900,"(100g당 2,417원)",4.5,10,1,"소고기, 숙면, 숙주나물, 쪽파, 소스 등으로 구성되어 있습니다.","소고기,숙면,숙주나물,쪽파,소스",면,소,,,,,,,,,,,,1,,
4,6197141509,12272525486,79542944321,마이셰프 EBS 최고의 요리비결 매콤 해장 파스타,"마이셰프 EBS 최고의 요리비결 매콤 해장 파스타, 632g, 1개",14900,6%,13900,"(100g당 2,199원)",4.5,40,1,"스파게티 면, 청경채, 마늘, 방울토마토, 대파, 양파, 소스, 해물, 건고추, 오일로 구성되어 있습니다.","스파게티 면,청경채,마늘,방울토마토,대파,양파,소스,해물,건고추,오일",파스타,갑각류,1,,,,,,,,,,,,1,
4,6641444059,15183076855,82404328831,마이셰프 허챠밍 캐슈넛 초계 냉파스타 2인분,"마이셰프 허챠밍 캐슈넛 초계 냉파스타 2인분, 684g, 1팩",14900,0,14900,"(100g당 2,178원)",4.5,6,1,"건면, 채소, 닭가슴살 채, 소스, 참깨로 구성되어 있습니다.","건면,채소,소스,참깨",파스타,,,,,,,,,,,,,,,
4,293473513,926572584,5302426619,마이셰프 소고기버섯잡채,"마이셰프 소고기버섯잡채, 571g, 1개",14900,0,14900,"(100g당 2,609원)",4.5,1275,1,"건면, 소고기, 새송이버섯, 느타리버섯, 홍파프리카, 청피망, 알가열제품, 참깨, 소스, 건목이버섯, 표고버섯채, 고소한 참기름으로 구성되어 있습니다.","건면,소고기,새송이버섯,느타리버섯,홍파프리카,청피망,참깨,소스,건목이버섯,표고버섯채",볶음,소,,,,,,,,,,,,1,,
4,6919151673,16702268908,83884772150,해물래 갑오징어파스타 크림소스,"해물래 갑오징어파스타 크림소스, 524g, 1세트",10890,0,10890,"(100g당 2,078원)",0,0,1,"숙면, 바지락, 새우, 갑오징어, 소스 등으로 구성되어 있습니다.","숙면,바지락,새우,갑오징어,소스",파스타,갑각류,1,,,,,,1,,,,,,,
4,6919151672,16702268907,83884772154,해물래 관자파스타 + 크림소스,"해물래 관자파스타 + 크림소스, 524g, 1세트",10890,0,10890,"(100g당 2,078원)",0,0,1,"숙면, 바지락, 새우, 키조개관자, 소스 등으로 구성되어 있습니다.","숙면,바지락,새우,키조개관자,소스",파스타,갑각류,1,,,,,1,,,,,,,,
4,6775844398,15921388137,83128695588,명인만두 비빔만두쫄면 1인분 (냉동),"명인만두 비빔만두쫄면 1인분 (냉동), 2개, 370g",10200,0,10200,"(100g당 1,378원)",0,0,1,"쫄면, 만두, 소스로 구성되어 있습니다.","쫄면,만두,소스",면,,,,,,,,,,,,,,,
4,6636743700,15154493527,82375972944,빽쿡 백종원의 우삼겹 고추장 비빔국수,"빽쿡 백종원의 우삼겹 고추장 비빔국수, 868g, 1개",11130,0,11130,"(100g당 1,282원)",0,0,1,"생면, 쇠고기, 적양배추, 양배추, 콩나물, 비빔국수 소스, 오이, 참기름으로 구성되어 있습니다.","생면,쇠고기,적양배추,양배추,콩나물,오이,참기름",국수,콩,,,,,,,,1,,,,1,,
4,6636743693,15154493518,82375972908,빽쿡 백종원의 우삼겹 된장 비빔국수,"빽쿡 백종원의 우삼겹 된장 비빔국수, 784g, 1개",10330,0,10330,"(100g당 1,318원)",0,0,1,"생면, 쇠고기, 양파, 대파, 다진 마늘, 참기름, 애호박, 청양고추, 홍고추, 된장 비빔국수 소스로 구성되어 있습니다.","생면,쇠고기,양파,대파,다진마늘,참기름,애호박,청양고추,홍고추",국수,소,,,,,,,,,,,,1,,
4,6512230119,14388930132,81633200077,프레시지 백년가게 바지락 가득 칼국수 (냉동),"프레시지 백년가게 바지락 가득 칼국수 (냉동), 1개, 1180g",15650,0,15650,"(100g당 1,326원)",0,0,1,"바지락, 칼국수, 소스, 채소(양파, 애호박, 대파, 당근)로 구성되어 있습니다.","바지락,칼국수,소스,채소,양파,애호박,대파,당근",국수,,,,,,,,,,,,,,,
4,6432224452,13886065595,81135806874,복선당 제주돔베고기 얼큰국수 2인분 (냉동),"복선당 제주돔베고기 얼큰국수 2인분 (냉동), 810g, 1개",15800,0,15800,"(100g당 1,951원)",0,0,1,"양념육, 소스, 대파, 생중면, 새우맛 양념으로 구성되어 있습니다.","양념육,소스,대파",국수,,,,,,,,,,,,,,,
4,6157107343,11924564492,79197371283,이랜드이츠 애슐리 버터관자 앤 쉬림프 파스타,"이랜드이츠 애슐리 버터관자 앤 쉬림프 파스타, 591g, 1개",15800,0,15800,"(100g당 2,673원)",0,0,1,"면, 흰다리새우살, 가리비관자살, 마늘, 대파, 조개육수스톡, 버터, 소스, 압착올리브유, 파슬리로 구성되어 있습니다.","면,흰다리새우살,마늘,대파,버터,소스,파슬리",파스타,갑각류,1,,,,,,,,,,,,,
4,6139303414,11763427424,79037232218,애슐리 관자 감바스 알아히요,"애슐리 관자 감바스 알아히요, 665g, 1개",18990,0,18990,"(100g당 2,856원)",0,0,1,"면, 빵, 건고추, 마늘, 방울토마토, 브로콜리, 마늘비법소스, 조개육수스톡, 소금, 관자, 새우, 대파, 올리브유로 구성되어 있습니다.","면,빵,건고추,마늘,방울토마토,브로콜리,소금,관자,새우,대파,올리브유",감바스,갑각류,1,,,,,,,,,,,,1,
4,6579815538,14802030232,82041787835,애슐리 까르보나라 수란 파스타,"애슐리 까르보나라 수란 파스타, 1개, 700g",13500,3%,12990,"(100g당 1,856원)",5.0,29,1,"건면, 소스, 양파, 대파, 베이컨, 치즈, 올리브유, 알 가열제품으로 구성되어 있습니다.","건면,소스,양파,대파,베이컨,치즈,올리브유",파스타,,,,,,,,,,,,,,,
4,6566203733,14721231901,81961916417,심플리쿡 바지락 통찜 파스타 (냉동),"심플리쿡 바지락 통찜 파스타 (냉동), 835g, 1개",9900,0,9900,"(100g당 1,186원)",4.5,102,1,"자숙 바지락, 스파게티 면, 채소(마늘, 홍고추, 그린빈), 갈릭 스파게티 소스로 구성되어 있습니다.","자숙 바지락,스파게티 면,채소,마늘,홍고추,그린빈",파스타,갑각류,1,,,,,,,,,,,,,
4,6566203739,14721231915,81961916455,심플리쿡 속 시원한 홍합탕 칼국수 (냉동),"심플리쿡 속 시원한 홍합탕 칼국수 (냉동), 920g, 1개",12400,15%,10500,"(100g당 1,141원)",4.5,35,1,"피홍합, 단호박 칼국수, 채소(대파, 마늘, 청양고추, 홍고추), 해물육수로 구성되어 있습니다.","피홍합,단호박 칼국수,채소,대파,마늘,청양고추,홍고추,해물육수",국수,조개류,,,,,,1,,,,,,,,
4,6410059382,13743233643,80994055822,쉐푸드 게살 로제 파스타 밀키트 (냉동),"쉐푸드 게살 로제 파스타 밀키트 (냉동), 515g, 1개",11900,0,11900,"(100g당 2,311원)",4.0,22,1,"스파게티면, 양송이, 게살 로제 소스, 양파, 깐마늘, 올리브오일, 페페로치노 홀, 파마산 치즈분말로 구성되어 있습니다.","스파게티면,양송이,양파,깐마늘,올리브오일,페페로치노 홀",파스타,갑각류,1,,,,,,,,,,,,,
4,6453664458,14019510144,81268033141,프레시지 죽장연 바지락 듬뿍 얼큰 파스타 (냉동),"프레시지 죽장연 바지락 듬뿍 얼큰 파스타 (냉동), 1013g, 1개",15750,1%,15560,"(100g당 1,536원)",4.0,20,1,"바지락, 토마토 고추장 소스, 고추, 파슬리가루, 스파게티, 채소(양파, 마늘)로 구성되어 있습니다.","바지락,고추,파슬리가루,스파게티,채소,양파,마늘",파스타,갑각류,1,,,,,,,,,,,,,
4,6583766226,14826631492,82066114384,마이셰프 감바스알아히요 & 바게트,"마이셰프 감바스알아히요 & 바게트, 321g, 1개",11900,16%,9900,"(100g당 3,084원)",4.5,113,1,"빵, 새우살, 마늘, 가공치즈, 건고추, 혼합 올리브유로 구성되어 있습니다.","빵,새우살,마늘,건고추",감바스,갑각류,1,,,,,,,,,,,,,
4,6701330556,15523809766,82743038570,MYCHEF 원팬 베이컨 토마토 파스타,"MYCHEF 원팬 베이컨 토마토 파스타, 487g, 1개",9900,0,9900,"(100g당 2,033원)",4.5,35,1,"스파게티, 소스, 양파와 방울토마토, 베이컨, 그리고 가공치즈로 구성되어 있습니다.","스파게티,소스,양파,방울토마토,베이컨",파스타,갑각류,1,,,,,,,,,,,,1,
4,6919152161,16702271932,83884774793,해물래 관자파스타 + 알리오올리오소스,"해물래 관자파스타 + 알리오올리오소스, 470g, 1세트",10890,0,10890,"(100g당 2,317원)",5.0,1,1,"숙면, 바지락, 새우, 키조개관자, 소스로 구성되어 있습니다.","숙면,바지락,새우,키조개관자,소스",파스타,갑각류,1,,,,,1,,,,,,,,
4,6058114410,11128496026,78407114741,해도 봉골레 파스타,"해도 봉골레 파스타, 793g, 1개",13900,0,13900,"(100g당 1,753원)",4.0,115,1,"바지락, 방울토마토, 마늘, 올리브유, 소스, 소금, 페퍼론치노, 건면(링귀니)으로 구성되어 있습니다.","바지락,방울토마토,마늘,올리브유,소스,소금,페퍼론치노,건면,링귀니",파스타,토마토,,,,,,,,,,,,,1,
4,6223984723,12470788993,79739631468,MYCHEF APEACH 베샤멜 라자냐,"MYCHEF APEACH 베샤멜 라자냐, 685g, 1개",17900,0,17900,"(100g당 2,613원)",4.5,42,1,"건면(라자냐), 돼지고기, 채소(양파, 당근, 셀러리), 두 가지 소스, 치즈로 구성되어 있습니다.","건면,라자냐,돼지고기,채소,양파,당근,셀러리,치즈",파스타,돼지,,,,,,,,,,1,,,,
4,6058114401,11128496006,78407114629,해도 새우 버터 파스타,"해도 새우 버터 파스타, 633g, 1개",13900,0,13900,"(100g당 2,196원)",5.0,109,1,"새우, 올리브유, 방울토마토, 소스, 마늘, 버터, 소금, 페퍼론치노, 건면(링귀니)으로 구성되어 있습니다.","새우,올리브유,방울토마토,소스,마늘,버터,소금,페퍼론치노,건면,링귀니",파스타,갑각류,1,,,,,,,,,,,,1,
4,6625020643,15078569431,82300762715,쉐푸드 냉동밀키트 아스파라거스 명란 오일파스타 (냉동),"쉐푸드 냉동밀키트 아스파라거스 명란 오일파스타 (냉동), 545g, 1개",15900,0,15900,"(100g당 2,917원)",4.0,7,1,"스파게티면, 아스파라거스, 기타수산물가공품(흰다리새우살 등), 양념젓갈(명태알 등), 소스, 페페로치노홀로 구성되어 있습니다.","스파게티면,아스파라거스,흰다리새우살,명태알,소스",파스타,갑각류,1,,,,,,,,,,,,,1
4,6625021073,15078572837,82300765413,쉐푸드 냉동밀키트 미더덕 해물뚝배기 (냉동),"쉐푸드 냉동밀키트 미더덕 해물뚝배기 (냉동), 505g, 1개",15900,0,15900,"(100g당 3,149원)",4.5,9,1,"해물 모듬(미더덕, 피바지락, 절단 꽃게, 새우), 무, 애호박, 느타리버섯, 팽이버섯, 대파, 양파, 청양고추, 홍고추, 건보리새우, 된장소스로 구성되어 있습니다.","해물 모듬,미더덕,절단 꽃게,새우,무,애호박,느타리버섯,팽이버섯,대파,양파,청양고추,홍고추,건보리새우,된장소스",해물탕,갑각류,1,,,,,,,,,,,,,
4,6685638542,15432345220,82652018146,심플리쿡 살얼음 동동 초계국수,"심플리쿡 살얼음 동동 초계국수, 1890g, 1개",14900,0,14900,(100g당 788원),4.5,17,1,"건면, 햄(닭고기 등 함유), 김치, 오이, 절임식품(무 등 함유), 볶음참깨 등으로 구성되어 있습니다.","건면,햄,김치,오이,볶음참깨",국수,,,,,,,,,,,,,,,
4,6410059402,13743233723,80994055837,쉐푸드 통돈까스 김치 우동 밀키트 (냉동),"쉐푸드 통돈까스 김치 우동 밀키트 (냉동), 640g, 1개",14900,0,14900,"(100g당 2,328원)",4.5,34,1,"통돈까스, 볶음김치, 채소(양파, 대파, 청양고추), 팽이버섯, 우동면, 육수, 양념 소스로 구성되어 있습니다.","볶음김치,채소,양파,대파,청양고추,팽이버섯,우동면,육수",면,,,,,,,,,,,,,,,
4,6183714674,12159614520,79431047808,마이셰프 카카오프렌즈 어피치 감바스 알 아히요,"마이셰프 카카오프렌즈 어피치 감바스 알 아히요, 497g, 1개",18900,0,18900,"(100g당 3,803원)",4.5,60,1,"새우, 채소(마늘, 방울토마토, 브로콜리), 건고추, 올리브오일, 소프트 바게트, 새송이버섯, 시즈닝으로 구성되어 있습니다.","새우,채소,마늘,방울토마토,브로콜리,건고추,올리브오일,새송이버섯,시즈닝",감바스,갑각류,1,,,,,,,,,,,,1,
4,6661336044,15292002420,82512413288,푸드어셈블 요리용디 바지락 옹심이 칼국수 (냉동),"푸드어셈블 요리용디 바지락 옹심이 칼국수 (냉동), 960g, 1팩",15650,11%,13900,"(100g당 1,448원)",4.5,27,1,"바지락, 생면, 감자 옹심이, 해물 엑기스로 구성되어 있습니다.","바지락,생면,감자 옹심이,해물 엑기스",국수,,,,,,,,,,,,,,,
4,6246947929,12641184013,79908701427,맛투데이 찐 해물 굴짬뽕탕 690g (냉동),"맛투데이 찐 해물 굴짬뽕탕 690g (냉동), 1세트",13810,0,13810,,4.5,70,1,"해산물, 칼국수 면, 소스로 구성되어 있습니다.","해산물,칼국수면,소스",면,,,,,,,,,,,,,,,
4,6246947928,12641184012,79908701416,맛투데이 찐 통 오징어 짬뽕탕 750g (냉동),"맛투데이 찐 통 오징어 짬뽕탕 750g (냉동), 1세트",17900,11%,15900,,4.0,89,1,"해산물, 칼국수 면, 소스로 구성되어 있습니다.","해산물,칼국수면,소스",면,,,,,,,,,,,,,,,
4,6071367429,11210885873,78488424594,이랜드이츠 애슐리 고기듬뿍 잡채,"이랜드이츠 애슐리 고기듬뿍 잡채, 557g, 1개",12800,0,12800,"(100g당 2,298원)",4.5,586,1,"돼지고기, 소스, 참기름, 식용유, 참깨, 야채(피망, 느타리버섯, 양파, 당근), 당면으로 구성되어 있습니다.","돼지고기,소스,참기름,식용유,참깨,야채,피망,느타리버섯,양파,당근,당면",볶음,돼지,,,,,,,,,,1,,,,
4,6470175509,14119998863,81366924688,모두의맛집 이태리국시 숯불 대창 파스타 (냉동),"모두의맛집 이태리국시 숯불 대창 파스타 (냉동), 619g, 1개",19900,0,19900,"(100g당 3,215원)",4.5,41,1,"대창, 건면, 베이컨, 야채(대파, 양파, 마늘종, 새송이버섯), 소스 2종, 혼합식용유, 화유맛오일, 향신료(크러쉬드페퍼)로 구성되어 있습니다.","대창,건면,베이컨,야채,대파,양파,마늘종,새송이버섯,향신료,크러쉬드페퍼",파스타,,,,,,,,,,,,,,,
4,6135492876,11729969996,79003935874,애슐리 에그인헬,"애슐리 에그인헬, 873g, 1개",14280,30%,9990,"(100g당 1,144원)",4.5,314,1,"수란, 건면, 빵, 채소(양파, 대파), 소시지, 건고추, 베이컨, 마늘, 파슬리, 올리브유, 치즈, 소스로 구성되어 있습니다.","수란,건면,빵,채소,양파,대파,소시지,건고추,베이컨,마늘,파슬리,올리브유,치즈,소스",기타,,,,,,,,,,,,,,,
5,291775378,922823624,5295894879,프레시지 더큰 호로록 우삼겹 떡볶이,"프레시지 더큰 호로록 우삼겹 떡볶이, 835g, 1개",13900,15%,11800,"(100g당 1,413원)",4.5,6197,0,"누들 밀떡볶이, 소고기, 어묵, 양배추, 양파, 대파, 당근, 라면사리, 소스로 구성되어 있습니다.","소고기,어묵,양배추,양파,대파,당근,라면사리,소스",떡볶이,소,,,,,,,,,,,,1,,
5,6645728981,15208829508,82429880792,프레시밀 순대볶음,"프레시밀 순대볶음, 915g, 1개",14650,0,14650,"(100g당 1,601원)",4.5,77,0,"고기순대, 채소(양배추, 깻잎, 양파, 당근, 대파), 양념장으로 구성되어 있습니다.","채소,양배추,깻잎,양파,당근,대파,양념장",순대,,,,,,,,,,,,,,,
5,6488941222,14236877772,81482114782,프레시지 더큰 매콤 깻잎 순대볶음,"프레시지 더큰 매콤 깻잎 순대볶음, 762g, 1개",12900,7%,11900,"(100g당 1,562원)",4.5,199,0,"떡, 순대, 당면, 들깨가루, 채소(양배추, 양파, 당근, 대파), 소스, 깻잎으로 구성되어 있습니다.","떡,순대,당면,들깨가루,채소,양배추,양파,당근,대파,소스,깻잎",순대,,,,,,,,,,,,,,,
5,6183714666,12159614494,79431047780,마이셰프 카카오프렌즈 튜브 우삼겹 떡볶이,"마이셰프 카카오프렌즈 튜브 우삼겹 떡볶이, 970g, 1개",16900,0,16900,"(100g당 1,742원)",4.5,89,1,"떡, 소고기, 양배추, 대파, 떡볶이 소스, 어묵으로 구성되어 있습니다.","떡,소고기,양배추,대파,어묵",떡볶이,소,,,,,,,,,,,,1,,
6,293473507,926572569,5302426608,마이셰프 매콤 소고기 고추 잡채 꽃빵,"마이셰프 매콤 소고기 고추 잡채 꽃빵, 570g, 1개",13900,21%,10900,"(100g당 1,912원)",5.0,12392,0,"1.  꽃빵, 소고기, 손질한 양파와 파프리카, 죽순, 표고버섯, 피망, 청양고추, 고추 기름, 소스로 구성되어 있습니다.2. 수분 함유량이 높은 파프리카를 신선하게 드실 수 있도록, 채를 썰지 않은 파프리카로 보내드립니다. 기호에 맞게 채를 썰어 요리해보세요.","꽃빵,소고기,파프리카,죽순,표고버섯,피망,청양고추,고추 기름",볶음,소,,,,,,,,,,,,1,,
6,6812512368,16120483712,83317322662,프레시지 마라탕,"프레시지 마라탕, 512g, 1개",16900,11%,14900,"(100g당 2,910원)",4.5,25,0,"소고기, 느타리버섯, 새송이버섯, 청경채, 배추, 대파, 흑목이버섯, 향미유, 마라탕 소스, 지마장 소스, 건면, 두부로 구성되어 있습니다.","소고기,느타리버섯,새송이버섯,청경채,배추,대파,흑목이버섯,향미유,건면,두부",마라탕,콩,,,,,,,,1,,,,1,,
6,6928227408,16755554986,83937105033,프레시지 99's fresh 사천 마라탕,"프레시지 99's fresh 사천 마라탕, 1.308kg, 1개",25400,20%,20320,"(100g당 1,554원)",3.0,1,0,"소고기, 숙주나물, 배추, 대파, 청경채, 새송이버섯, 느타리버섯, 팽이버섯, 중화면, 백목이버섯, 향미유, 두부, 당면, 마라탕 소스, 지마장 소스로 구성되어 있습니다.","소고기,숙주나물,배추,대파,청경채,새송이버섯,느타리버섯,팽이버섯,중화면,향미유,두부,당면",마라탕,콩,,,,,,,,1,,,,1,,
6,6641459416,15183176095,82404424234,바다자리 해물 불짬뽕용 씨키트 2~3인분,"바다자리 해물 불짬뽕용 씨키트 2~3인분, 1개, 700g",20400,17%,16900,"(100g당 2,414원)",4.5,28,0,"꽃게, 새우, 홍합, 바지락, 짬뽕소스, 중화면, 야채 세트로 구성되어 있습니다.(야채 세트 : 양파, 파, 고추)","꽃게,새우,홍합,바지락,짬뽕소스,중화면,양파,파,고추",면,갑각류,1,,,,,1,,,,,,,,
6,6927813935,16753225569,83934802592,프레시지 99's fresh 고추잡채와 꽃빵,"프레시지 99's fresh 고추잡채와 꽃빵, 661g, 1개",16640,0,16640,"(100g당 2,517원)",3.5,2,0,"소고기, 꽃빵, 표고버섯, 홍피망, 청피망, 양파, 부추, 참깨, 고추맛 기름, 중화 볶음 소스로 구성되어 있습니다.","소고기,꽃빵,표고버섯,홍피망,청피망,양파,부추,참깨",볶음,소,,,,,,,,,,,,1,,
6,293474370,926574632,5302429594,마이셰프 중화풍 양장피,"마이셰프 중화풍 양장피, 600g, 1개",16900,5%,15900,"(100g당 2,650원)",4.5,11357,1,"1.  표고버섯, 새우, 오징어, 양장피 면, 건목이버섯, 참기름, 고기, 양파, 볶음 소스, 겨자 드레싱으로 구성되어 있습니다.2. 수분 함유량이 높은 파프리카를 신선하게 드실 수 있도록, 채를 썰지 않은 파프리카로 보내드립니다. 기호에 맞게 채를 썰어 요리해보세요.","표고버섯,새우,오징어,양장피 면,건목이버섯,참기름,고기,양파",기타,갑각류,1,,,,,,1,,,,,,,
6,6183266377,12155563645,79427044487,마이셰프 이금기 탄탄면 밀키트,"마이셰프 이금기 탄탄면 밀키트, 845g, 1개",14900,0,14900,"(100g당 1,763원)",4.0,61,1,"중화 면, 돼지고기, 청경채, 숙주나물, 고추기름, 다진 마늘, 땅콩 분태,  육수 농축액, 사천탄탄면 소스로 구성되어 있습니다.","중화 면,돼지고기,청경채,숙주나물,고추기름,다진마늘",면,돼지,,,,,,,,,,1,,,,
6,6645728787,15208828566,82429879997,프레시밀 고추잡채,"프레시밀 고추잡채, 1개, 580g",13200,0,13200,"(100g당 2,276원)",4.5,15,1,"또띠아, 돈 목살, 채소(양파, 피망, 표고버섯), 소스로 구성되어 있습니다.","또띠아,채소,양파,피망,표고버섯,소스",볶음,,,,,,,,,,,,,,,
6,6930227969,16767358095,83948627583,프레시지 99's fresh 마파두부,"프레시지 99's fresh 마파두부, 620g, 1개",5980,0,5980,(100g당 965원),0,0,1,"돼지고기, 과. 채 가공품, 두부, 향미유, 소스로 구성되어 있습니다.","돼지고기,두부,향미유,소스",마파두부,콩,,,,,,,,1,,1,,,,
6,6183266378,12155563662,79427044496,마이셰프 이금기 마라우육면 밀키트,"마이셰프 이금기 마라우육면 밀키트, 744g, 1개",14900,0,14900,"(100g당 2,003원)",4.5,61,1,"중화 면, 소고기, 숙주나물, 청경채, 건고추, 다진 마늘, 육수 농축액, 마라우육면 소스로 구성되어 있습니다.","중화 면,소고기,숙주나물,청경채,건고추,다진마늘",면,소,,,,,,,,,,,,1,,
6,6645728789,15208828574,82429879999,프레시밀 마파두부,"프레시밀 마파두부, 665g, 1개",11900,0,11900,"(100g당 1,789원)",4.5,38,1,"참두부, 돈 목살, 채소(새송이버섯, 피망, 대파, 양파), 마파소스로 구성되어 있습니다.","채소,새송이버섯,피망,대파,양파",마파두부,,,,,,,,,,,,,,,
7,273882898,864058990,5190040204,프레시지 더큰 블랙라벨 스테이크 세트,"프레시지 더큰 블랙라벨 스테이크 세트, 580g, 1개",29900,40%,17900,"(100g당 3,086원)",4.5,32506,0,"방울토마토, 소고기, 적양파, 마늘, 아스파라거스, 소스 등으로 구성되어 있습니다.","방울토마토,소고기,적양파,마늘,아스파라거스,소스",스테이크,소,,,,,,,,,,,,1,1,
7,6908772389,16642375605,83826520897,바다자리 국산깐새우 갈릭버터쉬림프 + 야채 씨키트 2인분 세트,"바다자리 국산깐새우 갈릭버터쉬림프 + 야채 씨키트 2인분 세트, 1개, 140g",22000,12%,19300,"(100g당 13,786원)",5.0,8,0,"야채 세트(양파, 마늘), 건고추, 새우, 하얀 설탕, 올리브 오일, 버터 후레쉬, 허브솔트로 구성되어 있습니다.","양파,마늘,건고추,새우,올리브 오일,허브솔트",씨푸드,갑각류,1,,,,,,,,,,,,,
7,6850319048,16317264703,83509417100,바다자리 매콤한 순살아귀 불고기 + 야채 + 소스 씨키트 2~3인분,"바다자리 매콤한 순살아귀 불고기 + 야채 + 소스 씨키트 2~3인분, 350g, 1개",19150,16%,15900,"(100g당 4,543원)",4.5,258,0,"순살 아귀, 야채 세트(양배추, 양파, 고추, 파, 마늘), 새댁표 고추맛기름, 화유, 하얀설탕, 볶음 소스로 구성되어 있습니다.","양배추,양파,고추,파,마늘,화유,하얀설탕",씨푸드,,,,,,,,,,,,,,,
7,6912120873,16661667764,83845315647,바다자리 자숙문어 피꼬막무침 씨키트 2~3인분 250g + 야채,"바다자리 자숙문어 피꼬막무침 씨키트 2~3인분 250g + 야채, 1세트",24900,20%,19900,,4.0,6,0,"자숙 문어, 자숙 피꼬막, 매콤 비빔 소스, 고추, 양파, 부추, 참기름, 초고추장으로 구성되어 있습니다.","자숙 문어,자숙 피꼬막,고추,양파,부추,참기름,초고추장",무침,오징어류,,,,,,,1,,,,,,,
7,6613046365,15003381149,82226223591,마이셰프 불고기 퀘사디아,"마이셰프 불고기 퀘사디아, 374g, 1개",16400,23%,12600,"(100g당 3,369원)",4.5,18,0,"소고기, 또띠아, 양파, 청피망, 표고버섯, 소스 2종, 모짜렐라 치즈로 구성되어 있습니다.","소고기,또띠아,양파,청피망,표고버섯,모짜렐라 치즈",한식,소,,,,,,,,,,,,1,,
7,6919360882,16703428992,83885947925,바다자리 고등어구이 앤 순두부 짬뽕탕 씨키트 2~3인분 700g + 야채,"바다자리 고등어구이 앤 순두부 짬뽕탕 씨키트 2~3인분 700g + 야채, 1세트",17800,15%,15000,,4.0,3,0,"고등어, 홍합, 순두부, 야채 세트(양파, 파, 고추, 무), 고추맛 기름, 짬뽕 소스로 구성되어 있습니다.","고등어,홍합,순두부,양파,파,고추,무,짬뽕 소스",구이,조개류,,,,,,1,,1,,,,,,1
7,6776709595,15925061522,83132274614,The 푸짐한 찜선생 대구뽈찜 3~4인분 (냉동),"The 푸짐한 찜선생 대구뽈찜 3~4인분 (냉동), 1kg, 1개",19900,10%,17900,"(100g당 1,790원)",4.5,36,0,"대구, 대구 곤이, 흰다리새우, 주름 미더덕과 소스로 구성되어 있습니다.","대구,대구곤이,흰다리새우,소스",찜,갑각류,1,,,,,,,,,,,,,
7,6908772385,16642375559,83826520841,바다자리 생굴 해물 굴부추전 씨키트 2~3인분 320g + 야채 + 부침가루 세트,"바다자리 생굴 해물 굴부추전 씨키트 2~3인분 320g + 야채 + 부침가루 세트, 1세트",19900,20%,15900,,4.5,10,0,"굴, 오징어, 새우살, 쌀가루, 혼합 부침가루, 야채 세트(고추, 부추, 양파)로 구성되어 있습니다.","굴,오징어,새우살,쌀가루,고추,부추,양파",씨푸드,갑각류,1,,,,,1,1,,,,,,,
7,6776710132,15925063267,83132276737,The 푸짐한 찜선생 아귀찜 3~4인분 (냉동),"The 푸짐한 찜선생 아귀찜 3~4인분 (냉동), 1kg, 1개",17900,10%,16100,"(100g당 1,610원)",4.5,52,0,"아귀, 대구 곤이, 흰다리새우, 주름 미더덕과 소스로 구성되어 있습니다.","아귀,대구곤이,흰다리새우,소스",찜,갑각류,1,,,,,,,,,,,,,
7,6518571036,14431775075,81675506791,프레시지 원스테이크,"프레시지 원스테이크, 1개, 264g",14400,10%,12900,"(100g당 4,886원)",4.5,806,0,"소고기, 야채(방울토마토, 총알새송이버섯, 마늘종, 단호박), 소스, 허브맛솔트, 버터로 구성되어 있습니다.","소고기,야채,방울토마토,총알새송이버섯,마늘종,단호박,소스,허브맛솔트,버터",스테이크,소,,,,,,,,,,,,1,1,
7,6912043210,16661201945,83844861634,바다자리 국산깐새우 마라샹궈 340g + 야채 + 소스 씨키트 2~3인분 세트,"바다자리 국산깐새우 마라샹궈 340g + 야채 + 소스 씨키트 2~3인분 세트, 1세트",24400,18%,19900,,3.5,8,0,"홍합, 새우, 야채 세트(양배추, 양파, 마늘), 건고추, 훠궈 마라탕 소스, 고추맛 기름, 화유, 마유, 하얀 설탕으로 구성되어 있습니다.","홍합,새우,양배추,양파,마늘,건고추,화유",씨푸드,갑각류,1,,,,,1,,,,,,,,
7,6729609841,15675900003,82891364787,푸드어셈블 맛집키트 채선당 월남쌈 밀키트,"푸드어셈블 맛집키트 채선당 월남쌈 밀키트, 853g, 1개",16900,2%,16400,"(100g당 1,923원)",4.5,55,0,"소고기, 라이스페이퍼, 깻잎, 노란 파프리카, 당근, 적양배추, 양파, 오이, 과채가공품, 바싹불고기 소스, 칠리 샤브소스, 땅콩소스로 구성되어 있습니다.","소고기,라이스페이퍼,깻잎,노란 파프리카,당근,적양배추,양파,오이,땅콩소스",쌈,견과,,1,,,,,,1,,,,1,,
7,6842059863,16273016652,83465710902,바다자리 활바지락술찜 2~3인분,"바다자리 활바지락술찜 2~3인분, 1개, 500g",13500,19%,10900,"(100g당 2,180원)",4.0,80,0,"바지락, 홍합, 야채 세트(마늘, 양파), 건고추, 올리브유, 버터 후레시, 허브 솔트로 구성되어 있습니다.","바지락,홍합,마늘,양파,건고추,올리브유,허브 솔트",찜,조개류,,,,,,1,,,,,,,,
7,6789747395,15993829785,83199204766,쿡킷 블랙페퍼 찹스테이크 2인분 (냉동),"쿡킷 블랙페퍼 찹스테이크 2인분 (냉동), 1개, 540g",16640,0,16640,"(100g당 3,081원)",4.5,25,0,"01 쇠고기 등 02 새송이 버섯, 양파, 마늘, 홍파프리카 03 페퍼 소스","양파,마늘",스테이크,,,,,,,,,,,,,,,
7,156649366,451066137,4117038936,프레시지 소고기 샤브샤브,"프레시지 소고기 샤브샤브, 760g, 1개",16900,2%,16500,"(100g당 2,171원)",4.5,15349,0,"소고기, 채소(배추, 단호박, 쌈추, 적근대), 팽이버섯, 새송이버섯, 숙주나물, 소스 3종으로 구성되어 있습니다.","소고기,채소,배추,단호박,쌈추,적근대,팽이버섯,새송이버섯,숙주나물",전골,소,,,,,,,,,,,,1,,
7,6837462699,16249503820,83442729159,바다자리 통오징어 해물탕 + 야채소스 씨키트 3~4인분,"바다자리 통오징어 해물탕 + 야채소스 씨키트 3~4인분, 1개, 900g",20600,17%,16900,"(100g당 1,878원)",4.5,85,0,"홍합, 홍가리비, 꽃게, 새우, 오징어, 명태알, 대구 곤이, 무, 고추, 파, 해물탕 양념으로 구성되어 있습니다.","홍합,홍가리비,꽃게,새우,오징어,명태알,대구곤이,무,고추,파,해물탕 양념",해물탕,갑각류,1,,,,,1,1,,,,,,,1
7,6912120869,16661667741,83845315617,바다자리 자숙문어 야채무침 씨키트 2~3인분 250g + 야채,"바다자리 자숙문어 야채무침 씨키트 2~3인분 250g + 야채, 1세트",27600,18%,22600,,5.0,4,0,"자숙 문어, 매콤 비빔 소스, 고추, 양파, 부추, 참기름, 초고추장으로 구성되어 있습니다.","자숙 문어,고추,양파,부추,참기름,초고추장",무침,오징어류,,,,,,,1,,,,,,,
7,6837462732,16249503980,83442729160,바다자리 논우렁강된장 앤 고등어구이 + 야채 + 소스 씨키트 2~3인분,"바다자리 논우렁강된장 앤 고등어구이 + 야채 + 소스 씨키트 2~3인분, 1개, 400g",22600,15%,19100,"(100g당 4,775원)",5.0,29,0,"고등어, 논우렁 살, 야채 세트(호박, 새송이 버섯, 양파, 파, 고추), 참기름, 바지락맛 액상소스, 쌀가루, 꽃게된장찌개용 양념으로 구성되어 있습니다.","고등어,호박,새송이 버섯,양파,파,고추,참기름,바지락맛 액상소스,쌀가루,꽃게된장찌개용 양념",구이,갑각류,1,,,,,,,,,,,,,1
7,6850319045,16317264679,83509417117,바다자리 통오징어 짬뽕탕 + 야채소스 + 면 씨키트 3~4인분,"바다자리 통오징어 짬뽕탕 + 야채소스 + 면 씨키트 3~4인분, 1개, 670g",18500,15%,15700,"(100g당 2,343원)",4.5,54,0,"홍합, 홍 가리비, 오징어, 꽃게, 중화면, 야채 세트(고추, 파, 양파), 고추맛 기름, 짬뽕 소스로 구성되어 있습니다.","홍합,오징어,꽃게,중화면,고추,파,양파,짬뽕 소스",면,갑각류,1,,,,,1,1,,,,,,,
7,6661336047,15292002430,82512413301,푸드어셈블 치즈반미 샌드위치,"푸드어셈블 치즈반미 샌드위치, 411g, 1팩",11900,0,11900,"(100g당 2,895원)",4.0,23,0,"빵, 양파, 고수, 절임식품, 잔파, 오이, 소스, 마요네즈, 양조간장, 치즈로 구성되어 있습니다.","빵,양파,고수,잔파,오이,소스,마요네즈,양조간장,치즈",샌드위치,,,,,,,,,,,,,,,
7,156649377,451066167,4117038986,프레시지 차돌박이 숙주 볶음,"프레시지 차돌박이 숙주 볶음, 401g, 1개",13900,21%,10900,"(100g당 2,718원)",4.5,13947,0,"소고기, 숙주나물, 양파, 소스 등으로 구성되어 있습니다.","소고기,숙주나물,양파,소스",볶음,소,,,,,,,,,,,,1,,
7,6867875435,16420082518,83610987150,마이셰프 해물 오코노미야끼,"마이셰프 해물 오코노미야끼, 497g, 1개",12900,15%,10900,"(100g당 2,193원)",5.0,36,0,"흰다리새우살, 솔방울 모양 오징어, 양배추, 양파, 마요네즈, 소스 등으로 구성되어 있습니다.","흰다리새우살,양배추,양파,마요네즈,소스",씨푸드,갑각류,1,,,,,,,,,,,,,
7,291775409,922823686,5295894964,프레시지 더큰 소고기 찹스테이크,"프레시지 더큰 소고기 찹스테이크, 549g, 1개",17900,15%,15150,"(100g당 2,760원)",4.5,12069,0,"소고기, 양송이버섯, 양파, 쥬키니호박, 홍피망, 청피망, 마늘, 방울토마토, 올리브오일, 소스, 허브솔트로 구성되어 있습니다.","소고기,양송이버섯,양파,쥬키니호박,홍피망,청피망,마늘,방울토마토,올리브오일,소스,허브솔트",스테이크,소,,,,,,,,,,,,1,1,
7,6641459415,15183176097,82404424235,바다자리 해물 칼국수용 씨키트 2~3인분,"바다자리 해물 칼국수용 씨키트 2~3인분, 1개, 600g",18600,15%,15800,"(100g당 2,633원)",4.5,165,0,"꽃게, 새우, 바지락, 홍합, 소스, 생면, 야채 세트로 구성되어 있습니다.(야채 세트 : 양파, 파, 고추)","꽃게,새우,바지락,홍합,소스,생면,양파,파,고추",국수,갑각류,1,,,,,1,,,,,,,,
7,6538908877,14550365328,81792721798,푸드어셈블 채선당 분짜 맛집키트 2인분,"푸드어셈블 채선당 분짜 맛집키트 2인분, 585g, 1개",15900,3%,15400,"(100g당 2,632원)",4.5,76,0,"소고기, 야채 3종, 적양배추, 깻잎, 건면, 소스 2종, 절임식품으로 구성되어 있습니다.(야채 3종 : 빨강파프리카, 청피망, 노랑파프리카)","소고기,적양배추,깻잎,건면,빨강파프리카,청피망,노랑파프리카",기타,소,,,,,,,,,,,,1,,
7,6684851895,15428796264,82648486413,푸드어셈블 요리용디 용할매 치즈 닭갈비 (냉동),"푸드어셈블 요리용디 용할매 치즈 닭갈비 (냉동), 1팩, 1000g",13900,0,13900,"(100g당 1,390원)",4.5,24,0,"닭갈비, 숙면, 모짜렐라 치즈로 구성되어 있습니다.","닭갈비,숙면,모짜렐라 치즈",닭,닭,,,,,,,,,1,,,,,
7,6661336056,15292002457,82512413324,푸드어셈블 비프반미 샌드위치,"푸드어셈블 비프반미 샌드위치, 495g, 1팩",12900,3%,12400,"(100g당 2,505원)",4.5,45,0,"빵, 소고기, 양파, 고수, 절임식품, 잔파, 오이, 소스 2종, 마요네즈, 양조간장으로 구성되어 있습니다.","빵,소고기,양파,고수,잔파,오이,마요네즈,양조간장",샌드위치,소,,,,,,,,,,,,1,,
7,6046502968,11069678386,78349168410,푸드어셈블 맛집키트 우리집 팔당닭발 매운오징어 덜매운맛 (냉동),"푸드어셈블 맛집키트 우리집 팔당닭발 매운오징어 덜매운맛 (냉동), 500g, 1개",14400,3%,13900,"(100g당 2,780원)",4.5,272,0,오징어와 소스로 구성되어 있습니다.,"오징어,소스",닭,오징어류,,,,,,,1,,,,,,,
7,6410059391,13743233670,80994055840,쉐푸드 배추 곱창 전골 밀키트 (냉동),"쉐푸드 배추 곱창 전골 밀키트 (냉동), 805g, 1개",19710,0,19710,"(100g당 2,448원)",4.0,57,0,"소곱창, 소고기, 알배추, 우동면, 버섯(팽이버섯, 새송이버섯), 채소(대파, 깻잎순, 청양고추), 소스로 구성되어 있습니다.","소곱창,소고기,알배추,우동면,버섯,팽이버섯,새송이버섯,채소,대파,깻잎순,청양고추,소스",전골,소,,,,,,,,,,,,1,,
7,6615283655,15017486873,82240217443,복선당 단호박 대창 떡볶이 (냉동),"복선당 단호박 대창 떡볶이 (냉동), 790g, 1개",14900,0,14900,"(100g당 1,886원)",4.5,24,0,"떡, 대창, 냉동 단호박, 소스로 구성되어 있습니다.","떡,대창,냉동 단호박,소스",떡볶이,,,,,,,,,,,,,,,
7,6046502928,11069678146,78349168208,푸드어셈블 맛집키트 우리집 팔당닭발 매운오징어 매운맛 (냉동),"푸드어셈블 맛집키트 우리집 팔당닭발 매운오징어 매운맛 (냉동), 500g, 1개",14400,3%,13900,"(100g당 2,780원)",4.5,526,0,오징어와 소스로 구성되어 있습니다.,"오징어,소스",닭,오징어류,,,,,,,1,,,,,,,
7,6645551327,15208118174,82429183548,풀무원 진한 육개장 얄피꽉찬 만두전골 (냉동),"풀무원 진한 육개장 얄피꽉찬 만두전골 (냉동), 1개, 840g",15900,3%,15340,"(100g당 1,826원)",5.0,8,0,"교자, 우동면, 냉동야채(배추, 대파, 새송이버섯, 표고버섯, 목이버섯), 육개장 육수 등으로 구성되어 있습니다.","교자,우동면,냉동야채,배추,대파,새송이버섯,표고버섯,목이버섯",전골,,,,,,,,,,,,,,,
7,6740798714,15735464977,82949395099,푸드어셈블 맛집키트 쏭타이 팟싸완 비프팟타이 밀키트,"푸드어셈블 맛집키트 쏭타이 팟싸완 비프팟타이 밀키트, 752g, 1개",15400,1%,15100,"(100g당 2,008원)",5.0,21,0,"건면, 숙주나물, 고수, 소고기, 단무지, 건새우, 계란, 땅콩분태, 크러쉬드레드페퍼, 레몬주스, 대두유, 소스로 구성되어 있습니다.","건면,숙주나물,고수,소고기,단무지,건새우,계란,땅콩분태,크러쉬드레드페퍼,레몬주스,대두유,소스",기타,갑각류,1,1,1,,,,,1,,,,1,,
7,6842059862,16273016649,83465710898,바다자리 활가리비술찜 2~3인분,"바다자리 활가리비술찜 2~3인분, 1개, 500g",14000,15%,11900,"(100g당 2,380원)",4.0,41,0,"홍가리비, 홍합, 야채 세트(양파, 마늘), 건고추, 올리브유, 버터 후레시, 허브 솔트로 구성되어 있습니다.","홍가리비,홍합,양파,마늘,건고추,올리브유,허브 솔트",찜,조개류,,,,,,1,,,,,,,,
7,6675548501,15374719475,82594812838,심플리쿡 남도식 꼬막비빔밥,"심플리쿡 남도식 꼬막비빔밥, 361g, 1개",16900,0,16900,"(100g당 4,681원)",4.5,49,0,"새꼬막살, 채소 키트, 미나리, 꼬막 비빔밥용 소스, 볶음참깨와 흑임자, 참기름 2봉, 고춧가루로 구성되어 있습니다.","새꼬막살,미나리,볶음참깨,흑임자,고춧가루",한식,,,,,,,,,,,,,,,
7,6641444062,15183076862,82404328841,마이셰프 TREASURE HUNTER 우정분식 아찔 떡볶잉 2인분 (냉동),"마이셰프 TREASURE HUNTER 우정분식 아찔 떡볶잉 2인분 (냉동), 587g, 1팩",15900,0,15900,"(100g당 2,709원)",5.0,18,0,"떡, 어묵, 대파, 건고추, 소스 등 조리에 필요한 식재료와 소스로 구성되어 있습니다.","떡,어묵,대파,건고추,소스",떡볶이,,,,,,,,,,,,,,,
7,6928382170,16756449794,83937960368,셰프초이스 어제 버무린 매콤한 오징어볶음 씨키트 750g,"셰프초이스 어제 버무린 매콤한 오징어볶음 씨키트 750g, 1세트",14900,0,14900,,1.0,2,0,"매콤한 오징어볶음, 자른 대파, 자른 양배추, 사리 소면으로 구성되어 있습니다.",자른 양배추,씨푸드,,,,,,,,,,,,,,,
7,6928382821,16756453661,83937964890,셰프초이스 어제 버무린 오리지널 오징어볶음 씨키트 750g,"셰프초이스 어제 버무린 오리지널 오징어볶음 씨키트 750g, 1세트",14900,0,14900,,5.0,1,0,"오리지널 오징어볶음, 자른 대파, 자른 양배추, 사리 소면으로 구성되어 있습니다.",자른 양배추,씨푸드,,,,,,,,,,,,,,,
7,6624629657,15076284284,82298504355,바다자리 피조개살 무침용 씨키트 1~2인분 200g,"바다자리 피조개살 무침용 씨키트 1~2인분 200g, 1세트",15000,20%,12000,,4.5,34,0,"피조개살, 매콤 비빔소스, 참기름으로 구성되어 있습니다.","피조개살,참기름",무침,조개류,,,,,,1,,,,,,,,
7,6640530861,15178601980,82399890378,풀무원 우삼겹 버섯 어묵전골 (냉동),"풀무원 우삼겹 버섯 어묵전골 (냉동), 1개, 730g",16900,0,16900,"(100g당 2,315원)",5.0,6,0,"종합 어묵, 소 삼겹양지, 우동면, 냉동야채(배추, 대파, 새송이버섯, 표고버섯, 목이버섯), 소스로 구성되어 있습니다.","종합 어묵,우동면,냉동야채,배추,대파,새송이버섯,표고버섯,목이버섯,소스",전골,,,,,,,,,,,,,,,
7,6667411234,15327464484,82547773617,에머이 쌀국수 닭고기 밀키트 (냉동),"에머이 쌀국수 닭고기 밀키트 (냉동), 229g, 2개",13200,18%,10700,"(100g당 2,336원)",4.5,26,0,"쌀국수 면과 고명, 육수 소스로 구성되어 있습니다.",고명,닭,,,,,,,,,,,,,,,
7,6624629655,15076284273,82298504343,바다자리 새꼬막살 무침용 씨키트 1~2인분 150g,"바다자리 새꼬막살 무침용 씨키트 1~2인분 150g, 1세트",16100,21%,12700,,4.0,82,0,"새꼬막살, 매콤 비빔소스, 참기름으로 구성되어 있습니다.","새꼬막살,참기름",무침,,,,,,,,,,,,,,,
7,6912120872,16661667758,83845315626,바다자리 생물 꼬막무침 2~3인분 600g + 야채,"바다자리 생물 꼬막무침 2~3인분 600g + 야채, 1세트",16500,21%,12900,,4.5,19,0,"새꼬막, 양파, 부추, 고추, 참기름, 초고추장, 매콤 비빔 소스로 구성되어 있습니다.","새꼬막,양파,부추,고추,참기름,초고추장",무침,,,,,,,,,,,,,,,
7,6667411231,15327464465,82547773616,에머이 쌀국수 소고기 밀키트 (냉동),"에머이 쌀국수 소고기 밀키트 (냉동), 2개, 240g",11900,6%,11100,"(100g당 2,313원)",4.5,106,0,"쌀국수 면과 고명, 육수 소스로 구성되어 있습니다.",고명,국수,,,,,,,,,,,,,,,
7,6597577071,14912824728,82151453972,하림 누룽지 닭백숙 밀키트,"하림 누룽지 닭백숙 밀키트, 1개, 600g",12900,0,12900,"(100g당 2,150원)",4.5,285,0,"누룽지 백숙용 포장육(닭고기), 누룽지, 황기 백숙용, 치킨스톡으로 구성되어 있습니다.","닭고기,누룽지,치킨스톡",닭,닭,,,,,,,,,1,,,,,
7,6150356805,11867070372,79140184097,심플리쿡 The 들깨 버섯 수제비,"심플리쿡 The 들깨 버섯 수제비, 820g, 1개",12500,0,12500,"(100g당 1,524원)",4.5,512,0,"수제비, 감자, 느타리버섯, 새송이버섯, 표고버섯, 쪽파, 청양고추, 들깨, 육수로 구성되어 있습니다.","수제비,감자,느타리버섯,새송이버섯,표고버섯,쪽파,청양고추,들깨,육수",국,,,,,,,,,,,,,,,
7,6635915899,15150191937,82371721450,살맛나요 간편 갈치조림 (냉동),"살맛나요 간편 갈치조림 (냉동), 320g, 1개",9380,0,9380,"(100g당 2,931원)",4.5,46,0,"갈치, 생선조림용 양념으로 구성되어 있습니다.",갈치,한식,생선,,,,,,,,,,,,,,1
7,6650901417,15239674300,82460483339,알찬해 캠핑 바로바로 해물구이 (냉동),"알찬해 캠핑 바로바로 해물구이 (냉동), 550g, 1팩",16900,0,16900,"(100g당 3,073원)",5.0,22,0,"오징어, 초록입 홍합, 점보 칵테일 새우살, 소스로 구성되어 있습니다.","오징어,소스",구이,오징어류,,,,,,,1,,,,,,,
7,188130052,537230692,4402737284,프레시지 기사식당 돼지불고기,"프레시지 기사식당 돼지불고기, 501g, 1개",10890,0,10890,"(100g당 2,174원)",4.5,480,0,"돼지고기, 야채(양배추, 양파, 대파, 양파, 당근), 숯불맛 베이스, 참깨로 구성되어 있습니다.","돼지고기,야채,양배추,양파,대파,양파,당근,참깨",한식,돼지,,,,,,,,,,1,,,,
7,6631712092,15121133848,82342870262,쿡킷 스페인식 감바스 2인분 (냉동),"쿡킷 스페인식 감바스 2인분 (냉동), 315g, 1개",12500,0,12500,"(100g당 3,968원)",4.5,268,0,"구성품1(올리브유, 파슬리 후레이크, 크러쉬드 레드페퍼 등 함유) , 구성품2(마늘 함유), 먹물 바게트로 구성되어 있습니다.","올리브유,파슬리 후레이크",감바스,,,,,,,,,,,,,,,
7,6638232001,15164736229,82386136349,프레시지 부채살 하와이안 찹스테이크 (냉동),"프레시지 부채살 하와이안 찹스테이크 (냉동), 321g, 1개",11900,0,11900,"(100g당 3,707원)",4.5,289,0,"소고기, 마늘, 파인애플, 마늘종, 빨강 파프리카 등과 소스로 구성되어 있습니다.","소고기,마늘,파인애플,마늘종,빨강 파프리카,소스",스테이크,소,,,,,,,,,,,,1,,
7,6188303158,12197744800,79468743704,프레시지 박막례 치즈 떡볶이 (냉동),"프레시지 박막례 치즈 떡볶이 (냉동), 485g, 1개",6800,19%,5500,"(100g당 1,134원)",5.0,1949,0,"어묵, 소스, 대파, 떡으로 구성되어 있습니다.","어묵,소스,대파,떡",떡볶이,,,,,,,,,,,,,,,
7,6640530855,15178601974,82399890375,풀무원 우삼겹 등촌식 어묵전골 (냉동),"풀무원 우삼겹 등촌식 어묵전골 (냉동), 1개, 730g",14900,33%,9980,"(100g당 1,367원)",4.5,12,0,"종합 어묵, 소 삼겹양지, 우동면, 냉동야채(배추, 대파, 새송이버섯, 표고버섯, 목이버섯), 소스로 구성되어 있습니다.","종합 어묵,우동면,냉동야채,배추,대파,새송이버섯,표고버섯,목이버섯,소스",전골,,,,,,,,,,,,,,,
7,6641444058,15183076854,82404328814,마이셰프 TREASURE HUNTER 우정분식 꿀꺽 야끼만두 2인분 (냉동),"마이셰프 TREASURE HUNTER 우정분식 꿀꺽 야끼만두 2인분 (냉동), 1팩, 240g",8900,33%,5900,"(100g당 2,458원)",3.5,9,0,"잡채 튀김, 소스로 구성되어 있습니다.",소스,기타,,,,,,,,,,,,,,,
7,6908772118,16642374399,83826518673,바다자리 국산새우 보일링쉬림프 씨키트 2~3인분 800g + 야채 세트,"바다자리 국산새우 보일링쉬림프 씨키트 2~3인분 800g + 야채 세트, 1세트",32600,17%,26900,,4.0,8,1,"새우, 홍합, 찰옥수수, 스파이시 핫 시즈닝, 하얀 설탕, 비엔나소시지, 야채 세트(양파, 마늘, 감자), 버터 후레시, 올리브유로 구성되어 있습니다.","새우,홍합,찰옥수수,비엔나소시지,양파,마늘,감자,올리브유",씨푸드,갑각류,1,,,,,1,,,,,,,,
7,6908771821,16642373056,83826517124,바다자리 랍스터 보일링씨푸드 씨키트 3~4인분 950g + 야채 + 소스 세트,"바다자리 랍스터 보일링씨푸드 씨키트 3~4인분 950g + 야채 + 소스 세트, 1세트",64000,15%,53900,,4.0,9,1,"랍스터, 꽃게, 새우, 홍합, 아침 찰옥수수, 엔조이 스파이시핫시즈닝, 비엔나소세지, 야채세트(마늘, 감자, 양파), 버터후레시, 하얀설탕, 시타포마스 올리브유로 구성되어 있습니다.","랍스터,꽃게,새우,홍합,비엔나소세지,마늘,감자,양파,하얀설탕",씨푸드,갑각류,1,,,,,1,,,,,,,,
7,6842059828,16273016414,83465710788,바다자리 보일링씨푸드 3~4인분,"바다자리 보일링씨푸드 3~4인분, 830g, 1개",37600,16%,31500,"(100g당 3,795원)",4.5,96,1,"새우, 꽃게, 홍합, 오징어, 아침 찰옥수수, 비엔나소시지, 야채 세트(감자, 마늘, 양파), 하얀 설탕, 버터 후레시, 올리브유, 스파이시 핫 시즈닝으로 구성되어 있습니다.","새우,꽃게,홍합,오징어,비엔나소시지,감자,마늘,양파,올리브유",씨푸드,갑각류,1,,,,,1,1,,,,,,,
7,6613046362,15003381141,82226223580,마이셰프 EBS 최고의 요리비결 냉채족발과 메밀면,"마이셰프 EBS 최고의 요리비결 냉채족발과 메밀면, 1개, 676g",16900,12%,14710,"(100g당 2,176원)",4.5,20,1,"족발, 메밀면, 오이, 양파, 당근, 알 가열제품, 소스로 구성되어 있습니다.","족발,메밀면,오이,양파,당근,소스",족발,밀,,,,1,,,,,,,,,,
7,6410059410,13743233827,80994055849,쉐푸드 유자소스 멕시칸 파히타 밀키트 (냉동),"쉐푸드 유자소스 멕시칸 파히타 밀키트 (냉동), 655g, 1개",17900,0,17900,"(100g당 2,733원)",4.5,10,1,"또띠아, 소스, 올리브오일, 흰다리새우살, 닭가슴살, 채소(양파, 황파프리카, 홍파프리카, 청피망)로 구성되어 있습니다.","또띠아,소스,올리브오일,흰다리새우살,닭가슴살,채소,양파,황파프리카,홍파프리카,청피망",기타,갑각류,1,,,,,,,,1,,,,,
7,293421731,926409037,5302203459,마이셰프 갈릭비프스테이크,"마이셰프 갈릭비프스테이크, 534g, 1개",15500,0,15500,"(100g당 2,903원)",4.5,10652,1,"소고기, 적양파, 방울토마토, 브로콜리, 마늘, 올리브유, 갈릭 후레이크 튀김, 소스 등으로 구성되어 있습니다.","소고기,적양파,방울토마토,브로콜리,마늘,올리브유,소스",스테이크,소,,,,,,,,,,,,1,1,
7,6421955979,13821066780,81071307615,레디잇 최현석의 토마토 관자 리조또 (냉동),"레디잇 최현석의 토마토 관자 리조또 (냉동), 590g, 1개",14740,15%,12500,"(100g당 2,119원)",4.5,31,1,"소스 2종, 가리비살, 리조또용 밥으로 구성되어 있습니다.",가리비살,리조또,조개류,,,,,,1,,,,,,,,
7,6410059401,13743233713,80994055852,쉐푸드 곱창 고구마 떡볶이 밀키트 (냉동),"쉐푸드 곱창 고구마 떡볶이 밀키트 (냉동), 625g, 1개",22440,0,22440,"(100g당 3,590원)",4.0,8,1,"한입 가래떡, 어묵, 고구마, 양배추, 소곱창, 대파, 떡볶이 소스로 구성되어 있습니다.","어묵,고구마,양배추,소곱창,대파",떡볶이,,,,,,,,,,,,,,,
7,6842060055,16273017511,83465711632,바다자리 생물조개모둠 3~4인분,"바다자리 생물조개모둠 3~4인분, 1개, 1.4kg",35600,9%,32300,"(100g당 2,307원)",4.5,15,1,"키조개, 생합, 바지락, 새꼬막, 홍가리비, 홍합, 중화면, 야채 세트(고추, 파, 무), 모짜렐라 피자치즈, 버터 후레시, 초고추장, 짬뽕 소스로 구성되어 있습니다.","키조개,생합,바지락,새꼬막,홍가리비,홍합,중화면,고추,파,무,모짜렐라 피자치즈,초고추장,짬뽕 소스",씨푸드,조개류,,,,,,1,,,,,,,,
7,6925248955,16737786132,83919734554,몬스터쉐프 사사 모듬세트 600g (냉동),"몬스터쉐프 사사 모듬세트 600g (냉동), 1세트",25900,0,25900,,5.0,2,1,"몬스터쉐프 사사 소곱창, 몬스터쉐프 사사 소대창, 몬스터쉐프 사사 소특양, 몬스터쉐프 사사 소염통, 소스로 구성되어 있습니다.",소스,기타,,,,,,,,,,,,,,,
7,6991717150,17114478825,84288106134,프레시지 느끼타파 매콤 밀키트 4종 세트 톡톡터지는 알탕 765g + 박막례 국물떡볶이 545g + 얼큰 칼제비 560g + 열정도 쭈꾸미 매운맛 300g (냉동),"프레시지 느끼타파 매콤 밀키트 4종 세트 톡톡터지는 알탕 765g + 박막례 국물떡볶이 545g + 얼큰 칼제비 560g + 열정도 쭈꾸미 매운맛 300g (냉동), 1세트",42500,5%,40000,,0,0,1,"열정도쭈꾸미 매운맛\n국물떡볶이: 떡, 어묵, 대파, 소스로 구성\n톡톡 터지는 알탕: 무, 대파, 청양고추, 소스 등으로 구성\n얼큰 칼제비: 칼국수, 수제비, 감자, 팽이버섯, 대파, 소스로 구성","떡,어묵,대파,무,대파,청양고추,칼국수,수제비,감자,팽이버섯,대파",알탕,,,,,,,,,,,,,,,
7,6971267846,17004483208,84180390358,프레시밀 목살스테이크 (냉장),"프레시밀 목살스테이크 (냉장), 1개, 700g",18900,0,18900,"(100g당 2,700원)",0,0,1,"돈목살, 새송이버섯, 피망, 방울토마토, 마늘, 스테이크 소스로 구성되어 있습니다.","새송이버섯,피망,방울토마토,마늘,스테이크 소스",스테이크,토마토,,,,,,,,,,,,,1,
7,6959672313,16938461368,84116044272,마이셰프 티아시아 마크니 커리,"마이셰프 티아시아 마크니 커리, 1개, 591g",15900,0,15900,"(100g당 2,690원)",0,0,1,"마크니커리, 닭고기, 양파 등으로 구성되어 있습니다.","마크니커리,닭고기,양파",카레,닭,,,,,,,,,1,,,,,
7,6959672307,16938461357,84116044259,마이셰프 싱가포르관광청 추천메뉴 쉬림프 락사,"마이셰프 싱가포르관광청 추천메뉴 쉬림프 락사, 1개, 417g",17900,0,17900,"(100g당 4,293원)",0,0,1,"숙면, 자숙 새우, 새우살, 청경채, 어묵 등으로 구성되어 있습니다.","숙면,자숙 새우,새우살,청경채,어묵",씨푸드,갑각류,1,,,,,,,,,,,,,
7,6959672304,16938461350,84116044254,마이셰프 티아시아 마살라 커리,"마이셰프 티아시아 마살라 커리, 1개, 780g",17900,0,17900,"(100g당 2,295원)",0,0,1,"마살라커리, 소고기, 양파, 쥬키니호박, 감자 등으로 구성되어 있습니다.","소고기,양파,쥬키니호박,감자",카레,소,,,,,,,,,,,,1,,
7,6959672305,16938461354,84116044253,마이셰프 싱가포르관광청 소고기 볶음 국수,"마이셰프 싱가포르관광청 소고기 볶음 국수, 560g, 1개",14900,0,14900,"(100g당 2,661원)",0,0,1,"소고기, 숙주나물, 청경채, 마늘, 양파, 건면 등으로 구성되어 있습니다.","소고기,숙주나물,청경채,마늘,양파,건면",국수,소,,,,,,,,,,,,1,,
7,6758563230,15831998258,83043635777,삼삼해물 곰표 쉐이크 잍 해물 김치부침개 (냉동),"삼삼해물 곰표 쉐이크 잍 해물 김치부침개 (냉동), 420g, 1개",7800,0,7800,"(100g당 1,857원)",0,0,1,"바삭 파우더, 김치, 오징어채, 반죽 봉투로 구성되어 있습니다.","김치,오징어채",씨푸드,오징어류,,,,,,,1,,,,,,,
7,6631862304,15122213949,82343942345,애슐리 몽골리안 포크 & 누들,"애슐리 몽골리안 포크 & 누들, 1개, 658g",16640,0,16640,"(100g당 2,529원)",0,0,1,"포장육, 건면, 곡류가공품(누룽지), 소스, 청경채, 대파, 전분 가공품, 콩기름, 가공 소금으로 구성되어 있습니다.","건면,누룽지,소스,청경채,대파,콩기름",면,콩,,,,,,,,1,,,,,,
7,6625020825,15078570971,82300763981,쉐푸드 냉동밀키트 정선 곤드레 물닭갈비 (냉동),"쉐푸드 냉동밀키트 정선 곤드레 물닭갈비 (냉동), 1066g, 1개",19700,0,19700,"(100g당 1,848원)",0,0,1,"닭고기, 쫄면, 곤드레, 느타리버섯, 채소(깻잎순 등), 감자, 양념으로 구성되어 있습니다.","닭고기,쫄면,곤드레,느타리버섯,채소,깻잎순,감자,양념",닭,닭,,,,,,,,,1,,,,,
7,6579815529,14802030151,82041787741,애슐리 마늘 족발과 막국수,"애슐리 마늘 족발과 막국수, 685g, 1개",14980,0,14980,"(100g당 2,187원)",0,0,1,"건면, 햄, 두 가지 소스, 적양배추, 당근, 마늘, 오이, 참기름으로 구성되어 있습니다.","건면,햄,적양배추,당근,마늘,오이,참기름",족발,,,,,,,,,,,,,,,
7,6458750770,14048243526,81295868567,복선당 마늘듬뿍 오향 보쌈 (냉동),"복선당 마늘듬뿍 오향 보쌈 (냉동), 355g, 1개",10900,0,10900,"(100g당 3,070원)",0,0,1,"보쌈 슬라이스, 마늘소스, 새우맛 양념으로 구성되어 있습니다.",마늘소스,쌈,,,,,,,,,,,,,,,
7,6432224449,13886065590,81135806862,복선당 8분완성 돼지갈비 김치찜 (냉동),"복선당 8분완성 돼지갈비 김치찜 (냉동), 1040g, 1개",24000,0,24000,"(100g당 2,308원)",0,0,1,"김치찜, 갈비팩, 대파로 구성되어 있습니다.",대파,찜,,,,,,,,,,,,,,,
7,6431985897,13884840614,81134595803,복선당 안동식 야채듬뿍 찜닭 & 떡 (냉동),"복선당 안동식 야채듬뿍 찜닭 & 떡 (냉동), 1260g, 1개",14900,0,14900,"(100g당 1,183원)",0,0,1,"수비드 찜닭, 소스, 떡, 감자 가공품, 레드캐롯 가공품, 마늘로 구성되어 있습니다.","수비드 찜닭,소스,떡,마늘",닭,닭,,,,,,,,,1,,,,,
7,6413142502,13762408316,81013061216,푸드어셈블 콩나물 불고기,"푸드어셈블 콩나물 불고기, 963g, 1개",12400,0,12400,"(100g당 1,288원)",0,0,1,"콩나물, 돼지고기, 깻잎, 다진 마늘, 양파, 대파, 양념, 참기름으로 구성되어 있습니다.","콩나물,돼지고기,깻잎,다진마늘,양파,대파,양념,참기름",한식,콩,,,,,,,,1,,1,,,,
7,6249356059,12658781430,79926074346,프레시지 미싱더시티 페퍼로니 맥앤치즈 2인분,"프레시지 미싱더시티 페퍼로니 맥앤치즈 2인분, 613g, 1개",9030,0,9030,"(100g당 1,473원)",0,0,1,"페퍼로니, 파슬리가루, 슬라이스 치즈, 파마산 치즈 분말, 허브솔트, 토마토소스, 마카로니, 채소(양파, 청피망), 슈레드 치즈, 치즈크림파우더, 크림으로 구성되어 있습니다.","페퍼로니,파슬리가루,슬라이스 치즈,허브솔트,토마토소스,마카로니,채소,양파,청피망,슈레드 치즈,크림",기타,토마토,,,,,,,,,,,,,1,
7,6150356822,11867070482,79140184098,심플리쿡 The 소고기 파개장,"심플리쿡 The 소고기 파개장, 620g, 1개",8450,0,8450,"(100g당 1,363원)",0,0,1,"소고기 슬라이스, 대파, 당면, 육수로 구성되어 있습니다.","소고기 슬라이스,대파,당면,육수",국,소,,,,,,,,,,,,1,,
7,6157145222,11924875763,79197680090,심플리쿡 부타이 일본식 고기 비빔국수 마제소바,"심플리쿡 부타이 일본식 고기 비빔국수 마제소바, 791.4g, 1개",12500,0,12500,"(100g당 1,579원)",4.0,91,1,"면, 반숙란, 야채(대파, 부추, 간마늘), 땅콩분태, 소스, 구운김으로 구성되어 있습니다.","면,반숙란,야채,대파,부추,간마늘,땅콩분태,소스,구운김",국수,견과,,1,,,,,,1,,,,,,
7,6245885287,12633954547,79901565826,마이셰프 허챠밍 바닐라빈 뱅쇼 2인 (냉동),"마이셰프 허챠밍 바닐라빈 뱅쇼 2인 (냉동), 274g, 1개",10900,0,10900,"(100g당 3,978원)",4.5,80,1,"자몽, 감귤, 시나몬스틱과 건조 바닐라빈, 후추원두, 과채가공품(파인애플), 소스로 구성되어 있습니다.","자몽,감귤,시나몬스틱,파인애플,소스",기타,,,,,,,,,,,,,,,
7,6058114390,11128495978,78407114664,해도 바지락술찜,"해도 바지락술찜, 503g, 1개",11900,0,11900,"(100g당 2,366원)",4.0,177,1,"바지락, 소스, 페퍼론치노, 방울토마토, 대파, 마늘, 소금, 버터로 구성되어 있습니다.","바지락,소스,페퍼론치노,방울토마토,대파,마늘,소금,버터",찜,토마토,,,,,,,,,,,,,1,
7,6150356815,11867070445,79140184154,심플리쿡 고잉메리 해장 순두부 요괴 라면,"심플리쿡 고잉메리 해장 순두부 요괴 라면, 1240g, 1개",7900,0,7900,(100g당 637원),4.0,165,1,"사리면, 순두부, 숙주, 육수, 소스(양념장)로 구성되어 있습니다.","사리면,순두부,숙주,육수,소스,양념장",면,콩,,,,,,,,1,,,,,,
7,6445701788,13971185748,81220100955,레디잇 최현석의 트러플 크림 리조또 (냉동),"레디잇 최현석의 트러플 크림 리조또 (냉동), 618g, 1개",11500,0,11500,"(100g당 1,861원)",5.0,53,1,"스테이크, 트러플 크림 소스, 리조또용 밥, 스테이크 분말로 구성되어 있습니다.",스테이크,리조또,,,,,,,,,,,,,,,
7,6716346857,15609373957,82827543383,마이셰프 알찬 감자수제비,"마이셰프 알찬 감자수제비, 1개, 900g",10900,0,10900,"(100g당 1,211원)",4.5,97,1,"감자, 소스, 감자수제비, 채소, 팽이버섯으로 구성되어 있습니다.(채소 : 애호박, 양파, 당근, 대파)","감자,소스,감자수제비,채소,팽이버섯,채소,애호박,양파,당근,대파",국,,,,,,,,,,,,,,,
7,218401584,676232886,4742605671,마이셰프 베이컨 야채말이,"마이셰프 베이컨 야채말이, 354g, 1개",11900,4%,11400,"(100g당 3,220원)",4.5,931,1,"1.  돼지고기 베이컨, 파프리카, 허니머스터드 드레싱으로 구성되어 있습니다.2. 파프리카를 신선하게 드실 수 있도록, 채를 썰지 않은 파프리카로 보내드립니다. 기호에 맞게 채를 썰어 요리해보세요.",파프리카,기타,,,,,,,,,,,,,,,
7,6635938377,15150332499,82371861026,쿡킷 동대문식 닭한마리 2인분 (냉동),"쿡킷 동대문식 닭한마리 2인분 (냉동), 1150g, 1개",17910,44%,9990,(100g당 869원),4.5,270,1,"양념 닭고기, 채소(감자, 대파), 다진 마늘, 떡과 칼국수 면, 치킨스톡으로 구성되어 있습니다.","채소,감자,대파,다진마늘,떡,칼국수면,치킨스톡",닭,,,,,,,,,,,,,,,
7,6161476109,11960896667,79233479491,오징어초무침,"오징어초무침, 400g, 1개",12190,0,12190,"(100g당 3,048원)",4.5,237,1,"오징어, 채소(양배추, 적양배추, 당근, 양파, 대파, 청양고추, 홍고추), 참기름, 초무침 소스로 구성되어 있습니다.","오징어,채소,양배추,적양배추,당근,양파,대파,청양고추,홍고추,참기름",무침,오징어류,,,,,,,1,,,,,,,
7,6157318573,11926268401,79199057858,심플리쿡 TheKing 감바스알아히오 (냉동),"심플리쿡 TheKing 감바스알아히오 (냉동), 450g, 1개",12900,0,12900,"(100g당 2,867원)",4.5,445,1,"소스, 흰다리새우살, 바게트로 구성되어 있습니다.","소스,흰다리새우살,바게트",감바스,갑각류,1,,,,,,,,,,,,,
7,6867692114,16419258465,83610170964,푸드어셈블 바질감바스 앤 바게트 (냉동),"푸드어셈블 바질감바스 앤 바게트 (냉동), 450g, 1개",12400,0,12400,"(100g당 2,756원)",5.0,4,1,"흰다리새우살, 빵, 바질 감바스 소스로 구성되어 있습니다.","흰다리새우살,빵",감바스,갑각류,1,,,,,,,,,,,,,
7,6512230114,14388930125,81633200071,99프레시밀키트 태국식 삼겹살 볶음,"99프레시밀키트 태국식 삼겹살 볶음, 1개, 580g",13770,0,13770,"(100g당 2,374원)",4.5,34,1,"돼지고기, 숙주나물, 채소팩(양파, 대파, 청양고추), 마늘, 라임, 홍고추, 태국식 볶음 소스로 구성되어 있습니다.","돼지고기,숙주나물,양파,대파,청양고추,마늘,라임,홍고추",볶음,돼지,,,,,,,,,,1,,,,
7,6184233311,12163823923,79435227324,북창동순두부 삼삼해물 순두부 열라면 960g,"북창동순두부 삼삼해물 순두부 열라면 960g, 1세트",14300,0,14300,,4.5,98,1,"바지락, 새우, 만능찌개양념, 대파, 채소(양파, 호박), 순두부, 열라면으로 구성되어 있습니다.","바지락,새우,대파,채소,양파,호박,순두부,열라면",면,갑각류,1,,,,,,,1,,,,,,
7,6645551332,15208118185,82429183553,풀무원 샤브샤브 얄피꽉찬 만두전골 (냉동),"풀무원 샤브샤브 얄피꽉찬 만두전골 (냉동), 820g, 1개",15900,0,15900,"(100g당 1,939원)",4.5,72,1,"얇은피 꽉찬속 고기만두, 우동면, 냉동야채(배추, 청경채, 대파), 샤브양지육수로 구성되어 있습니다.","우동면,냉동야채,배추,청경채,대파",전골,,,,,,,,,,,,,,,
7,6161476093,11960896575,79233479365,문어초무침,"문어초무침, 400g, 1개",14490,0,14490,"(100g당 3,623원)",4.5,161,1,"문어, 채소(양배추, 적양배추, 당근, 양파, 대파, 청양고추, 홍고추), 참기름, 초무침 소스로 구성되어 있습니다.","문어,채소,양배추,적양배추,당근,양파,대파,청양고추,홍고추,참기름",무침,오징어류,,,,,,,1,,,,,,,
7,6410059385,13743233647,80994055823,쉐푸드 배추 만두 전골 밀키트 (냉동),"쉐푸드 배추 만두 전골 밀키트 (냉동), 968g, 1개",18890,0,18890,"(100g당 1,951원)",4.5,74,1,"고기 손만두, 소고기, 채소(청경채, 대파, 청양고추, 홍고추), 버섯(팽이버섯, 새송이버섯, 느타리버섯), 알배추, 우동면, 소스로 구성되어 있습니다.","소고기,채소,청경채,대파,청양고추,홍고추,버섯,팽이버섯,새송이버섯,느타리버섯,알배추,우동면,소스",전골,소,,,,,,,,,,,,1,,
7,6407831462,13729238438,80980206078,마이셰프 알찬 소고기 스키야키,"마이셰프 알찬 소고기 스키야키, 1070g, 1개",16900,0,16900,"(100g당 1,579원)",4.5,215,1,"소고기, 스키야키 육수, 해물 유부주머니와 두부 스틱, 폰즈 소스, 우동사리, 야채(청경채, 배추, 대파), 숙주나물, 팽이버섯으로 구성되어 있습니다.","소고기,폰즈 소스,우동사리,야채,청경채,배추,대파,숙주나물,팽이버섯",전골,소,,,,,,,,,,,,1,,
7,6842831802,16276794016,83469464083,바다자리 생새우 갈릭버터쉬림프 1~2인분,"바다자리 생새우 갈릭버터쉬림프 1~2인분, 300g, 1개",21600,0,21600,"(100g당 7,200원)",5.0,3,1,"새우, 야채 세트(양파, 마늘), 건고추, 하얀 설탕, 올리브 오일, 버터 후레시, 허브 솔트로 구성되어 있습니다.","새우,양파,마늘,건고추,올리브 오일,허브 솔트",씨푸드,갑각류,1,,,,,,,,,,,,,
7,6961893890,16951928882,84129277131,바른식 등촌식 얼큰 미나리 샤브샤브 (냉장),"바른식 등촌식 얼큰 미나리 샤브샤브 (냉장), 1개, 800g",16800,0,16800,"(100g당 2,100원)",5.0,2,1,"쇠고기, 느타리버섯, 미나리, 팽이버섯, 감자, 양파, 샤브용얼큰소스, 샤브샤브재료육수로 구성되어 있습니다.","쇠고기,느타리버섯,미나리,팽이버섯,감자,양파",전골,소,,,,,,,,,,,,1,,
7,6842060051,16273017501,83465711620,바다자리 생새우 보일링쉬림프 3~4인분,"바다자리 생새우 보일링쉬림프 3~4인분, 1개, 800g",37000,0,37000,"(100g당 4,625원)",5.0,7,1,"새우, 홍합, 비엔나소시지, 아침 찰옥수수, 야채 세트(감자, 양파, 마늘), 하얀 설탕, 버터 후레시, 올리브유, 스파이시 핫 시즈닝으로 구성되어 있습니다.","새우,홍합,비엔나소시지,감자,양파,마늘,올리브유",씨푸드,갑각류,1,,,,,1,,,,,,,,
